/*
 Navicat Premium Data Transfer

 Source Server         : test
 Source Server Type    : MySQL
 Source Server Version : 80026
 Source Host           : localhost:3306
 Source Schema         : yf_exam

 Target Server Type    : MySQL
 Target Server Version : 80026
 File Encoding         : 65001

 Date: 04/06/2023 12:34:37
*/

SET NAMES utf8mb4;
SET FOREIGN_KEY_CHECKS = 0;

-- ----------------------------
-- Table structure for el_exam
-- ----------------------------
DROP TABLE IF EXISTS `el_exam`;
CREATE TABLE `el_exam`  (
  `id` varchar(64) CHARACTER SET utf8mb4 COLLATE utf8mb4_general_ci NOT NULL COMMENT 'ID',
  `title` varchar(255) CHARACTER SET utf8mb4 COLLATE utf8mb4_general_ci NOT NULL COMMENT '考试名称',
  `content` varchar(255) CHARACTER SET utf8mb4 COLLATE utf8mb4_general_ci NOT NULL DEFAULT '' COMMENT '考试描述',
  `open_type` int(0) NOT NULL DEFAULT 1 COMMENT '1公开2部门3定员',
  `state` int(0) NOT NULL DEFAULT 0 COMMENT '考试状态',
  `time_limit` tinyint(0) NOT NULL DEFAULT 0 COMMENT '是否限时',
  `start_time` datetime(0) NULL DEFAULT NULL COMMENT '开始时间',
  `end_time` datetime(0) NULL DEFAULT NULL COMMENT '结束时间',
  `create_time` datetime(0) NULL DEFAULT NULL COMMENT '创建时间',
  `update_time` datetime(0) NULL DEFAULT NULL COMMENT '更新时间',
  `total_score` int(0) NOT NULL DEFAULT 0 COMMENT '总分数',
  `total_time` int(0) NOT NULL DEFAULT 0 COMMENT '总时长（分钟）',
  `qualify_score` int(0) NOT NULL DEFAULT 0 COMMENT '及格分数',
  PRIMARY KEY (`id`) USING BTREE,
  INDEX `open_type`(`open_type`) USING BTREE
) ENGINE = InnoDB CHARACTER SET = utf8mb4 COLLATE = utf8mb4_general_ci COMMENT = '考试主表' ROW_FORMAT = Dynamic;

-- ----------------------------
-- Records of el_exam
-- ----------------------------
INSERT INTO `el_exam` VALUES ('1587621704140427265', '2023年上半年CET6等级考试', '2023年上半年CET6等级考试', 1, 0, 0, NULL, NULL, '2022-11-02 09:44:46', '2022-11-02 09:44:46', 100, 150, 60);

-- ----------------------------
-- Table structure for el_exam_depart
-- ----------------------------
DROP TABLE IF EXISTS `el_exam_depart`;
CREATE TABLE `el_exam_depart`  (
  `id` varchar(32) CHARACTER SET utf8mb4 COLLATE utf8mb4_general_ci NOT NULL DEFAULT '' COMMENT 'ID',
  `exam_id` varchar(32) CHARACTER SET utf8mb4 COLLATE utf8mb4_general_ci NOT NULL DEFAULT '' COMMENT '考试ID',
  `depart_id` varchar(32) CHARACTER SET utf8mb4 COLLATE utf8mb4_general_ci NOT NULL DEFAULT '' COMMENT '部门ID',
  PRIMARY KEY (`id`) USING BTREE,
  INDEX `exam_id`(`exam_id`) USING BTREE,
  INDEX `depart_id`(`depart_id`) USING BTREE
) ENGINE = InnoDB CHARACTER SET = utf8mb4 COLLATE = utf8mb4_general_ci COMMENT = '考试部门' ROW_FORMAT = Dynamic;

-- ----------------------------
-- Records of el_exam_depart
-- ----------------------------

-- ----------------------------
-- Table structure for el_exam_repo
-- ----------------------------
DROP TABLE IF EXISTS `el_exam_repo`;
CREATE TABLE `el_exam_repo`  (
  `id` varchar(64) CHARACTER SET utf8mb4 COLLATE utf8mb4_general_ci NOT NULL COMMENT 'ID',
  `exam_id` varchar(64) CHARACTER SET utf8mb4 COLLATE utf8mb4_general_ci NOT NULL COMMENT '考试ID',
  `repo_id` varchar(64) CHARACTER SET utf8mb4 COLLATE utf8mb4_general_ci NOT NULL COMMENT '题库ID',
  `radio_count` int(0) NOT NULL DEFAULT 0 COMMENT '单选题数量',
  `radio_score` int(0) NOT NULL DEFAULT 0 COMMENT '单选题分数',
  `multi_count` int(0) NOT NULL DEFAULT 0 COMMENT '多选题数量',
  `multi_score` int(0) NOT NULL DEFAULT 0 COMMENT '多选题分数',
  `judge_count` int(0) NOT NULL DEFAULT 0 COMMENT '判断题数量',
  `judge_score` int(0) NOT NULL DEFAULT 0 COMMENT '判断题分数',
  `text_count` int(0) NOT NULL DEFAULT 0 COMMENT '简答题数量',
  `text_score` int(0) NOT NULL DEFAULT 0 COMMENT '简答题分数',
  PRIMARY KEY (`id`) USING BTREE,
  UNIQUE INDEX `exam_repo_id`(`exam_id`, `repo_id`) USING BTREE,
  INDEX `rule_id`(`exam_id`) USING BTREE,
  INDEX `repo_id`(`repo_id`) USING BTREE
) ENGINE = InnoDB CHARACTER SET = utf8mb4 COLLATE = utf8mb4_general_ci COMMENT = '考试题库' ROW_FORMAT = Dynamic;

-- ----------------------------
-- Records of el_exam_repo
-- ----------------------------
INSERT INTO `el_exam_repo` VALUES ('1664938053929660417', '1587621704140427265', '1587622451624120321', 5, 10, 3, 10, 2, 5, 1, 10);

-- ----------------------------
-- Table structure for el_paper
-- ----------------------------
DROP TABLE IF EXISTS `el_paper`;
CREATE TABLE `el_paper`  (
  `id` varchar(64) CHARACTER SET utf8mb4 COLLATE utf8mb4_general_ci NOT NULL COMMENT '试卷ID',
  `user_id` varchar(64) CHARACTER SET utf8mb4 COLLATE utf8mb4_general_ci NOT NULL COMMENT '用户ID',
  `depart_id` varchar(32) CHARACTER SET utf8mb4 COLLATE utf8mb4_general_ci NOT NULL DEFAULT '' COMMENT '部门ID',
  `exam_id` varchar(64) CHARACTER SET utf8mb4 COLLATE utf8mb4_general_ci NOT NULL COMMENT '规则ID',
  `title` varchar(64) CHARACTER SET utf8mb4 COLLATE utf8mb4_general_ci NOT NULL COMMENT '考试标题',
  `total_time` int(0) NOT NULL DEFAULT 0 COMMENT '考试时长',
  `user_time` int(0) NOT NULL DEFAULT 0 COMMENT '用户时长',
  `total_score` int(0) NOT NULL DEFAULT 0 COMMENT '试卷总分',
  `qualify_score` int(0) NOT NULL DEFAULT 0 COMMENT '及格分',
  `obj_score` int(0) NOT NULL DEFAULT 0 COMMENT '客观分',
  `subj_score` int(0) NOT NULL DEFAULT 0 COMMENT '主观分',
  `user_score` int(0) NOT NULL COMMENT '用户得分',
  `has_text` tinyint(0) NOT NULL DEFAULT 0 COMMENT '是否包含简答题',
  `state` int(0) NOT NULL DEFAULT 1 COMMENT '试卷状态',
  `create_time` datetime(0) NULL DEFAULT NULL COMMENT '创建时间',
  `update_time` datetime(0) NULL DEFAULT NULL COMMENT '更新时间',
  `limit_time` datetime(0) NULL DEFAULT NULL COMMENT '截止时间',
  PRIMARY KEY (`id`) USING BTREE,
  INDEX `user_id`(`user_id`) USING BTREE,
  INDEX `exam_id`(`exam_id`) USING BTREE
) ENGINE = InnoDB CHARACTER SET = utf8mb4 COLLATE = utf8mb4_general_ci COMMENT = '考试记录' ROW_FORMAT = Dynamic;

-- ----------------------------
-- Records of el_paper
-- ----------------------------
INSERT INTO `el_paper` VALUES ('1664471465052889089', '10001', '1318103313740320770', '1587621704140427265', '2023年上半年CET6等级考试', 30, 1, 100, 60, 40, 0, 40, 0, 2, '2023-06-02 11:18:16', '2023-06-02 11:19:11', '2023-06-02 11:48:16');
INSERT INTO `el_paper` VALUES ('1664584697507766273', '10001', '1318103313740320770', '1587621704140427265', '2023年上半年CET6等级考试', 30, 1, 100, 60, 0, 0, 0, 0, 2, '2023-06-02 18:48:13', '2023-06-02 18:48:50', '2023-06-02 19:18:13');
INSERT INTO `el_paper` VALUES ('1664584888143077377', '10001', '1318103313740320770', '1587621704140427265', '2023年上半年CET6等级考试', 30, 1, 90, 60, 0, 0, 0, 0, 2, '2023-06-02 18:48:58', '2023-06-02 18:49:08', '2023-06-02 19:18:58');
INSERT INTO `el_paper` VALUES ('1664586199601250305', '10001', '1318103313740320770', '1587621704140427265', '2023年上半年CET6等级考试', 30, 1, 90, 60, 10, 0, 10, 0, 2, '2023-06-02 18:54:11', '2023-06-02 18:54:33', '2023-06-02 19:24:11');
INSERT INTO `el_paper` VALUES ('1664588318068703234', '10001', '1318103313740320770', '1587621704140427265', '2023年上半年CET6等级考试', 30, 1, 90, 60, 0, 0, 12, 0, 2, '2023-06-02 19:02:36', '2023-06-02 19:02:44', '2023-06-02 19:32:36');
INSERT INTO `el_paper` VALUES ('1664995583988936705', '10001', '1318103313740320770', '1587621704140427265', '2023年上半年CET6等级考试', 150, 1, 100, 60, 0, 0, 15, 0, 2, '2023-06-03 22:00:56', '2023-06-03 22:01:19', '2023-06-04 00:30:56');
INSERT INTO `el_paper` VALUES ('1665185422046658562', '10001', '1318103313740320770', '1587621704140427265', '2023年上半年CET6等级考试', 150, 1, 100, 60, 0, 0, 12, 1, 1, '2023-06-04 10:35:17', '2023-06-04 10:35:53', '2023-06-04 13:05:17');
INSERT INTO `el_paper` VALUES ('1665187182945501186', '10001', '1318103313740320770', '1587621704140427265', '2023年上半年CET6等级考试', 150, 1, 100, 60, 0, 0, 0, 1, 1, '2023-06-04 10:42:17', '2023-06-04 10:42:34', '2023-06-04 13:12:17');
INSERT INTO `el_paper` VALUES ('1665189132227313665', '10001', '1318103313740320770', '1587621704140427265', '2023年上半年CET6等级考试', 150, 1, 100, 60, 10, 0, 11, 1, 2, '2023-06-04 10:50:02', '2023-06-04 10:50:16', '2023-06-04 13:20:02');
INSERT INTO `el_paper` VALUES ('1665191356508667906', '10001', '1318103313740320770', '1587621704140427265', '2023年上半年CET6等级考试', 150, 1, 100, 60, 10, 0, 12, 1, 2, '2023-06-04 10:58:52', '2023-06-04 10:59:20', '2023-06-04 13:28:52');
INSERT INTO `el_paper` VALUES ('1665195278128467969', '10001', '1318103313740320770', '1587621704140427265', '2023年上半年CET6等级考试', 150, 1, 100, 60, 20, 0, 16, 1, 2, '2023-06-04 11:14:27', '2023-06-04 11:14:47', '2023-06-04 13:44:27');
INSERT INTO `el_paper` VALUES ('1665214122066767874', '1252125239901696002', '南开大学', '1587621704140427265', '2023年上半年CET6等级考试', 150, 1, 100, 60, 0, 0, 4, 1, 2, '2023-06-04 12:29:20', '2023-06-04 12:29:36', '2023-06-04 14:59:20');

-- ----------------------------
-- Table structure for el_paper_qu
-- ----------------------------
DROP TABLE IF EXISTS `el_paper_qu`;
CREATE TABLE `el_paper_qu`  (
  `id` varchar(64) CHARACTER SET utf8mb4 COLLATE utf8mb4_general_ci NOT NULL COMMENT 'ID',
  `paper_id` varchar(64) CHARACTER SET utf8mb4 COLLATE utf8mb4_general_ci NOT NULL COMMENT '试卷ID',
  `qu_id` varchar(64) CHARACTER SET utf8mb4 COLLATE utf8mb4_general_ci NOT NULL COMMENT '题目ID',
  `qu_type` int(0) NOT NULL COMMENT '题目类型',
  `answered` tinyint(0) NOT NULL DEFAULT 0 COMMENT '是否已答',
  `answer` varchar(5000) CHARACTER SET utf8mb4 COLLATE utf8mb4_general_ci NOT NULL DEFAULT '' COMMENT '主观答案',
  `sort` int(0) NOT NULL DEFAULT 0 COMMENT '问题排序',
  `score` int(0) NOT NULL DEFAULT 0 COMMENT '单题分分值',
  `actual_score` int(0) NOT NULL DEFAULT 0 COMMENT '实际得分(主观题)',
  `is_right` tinyint(0) NOT NULL DEFAULT 0 COMMENT '是否答对',
  PRIMARY KEY (`id`) USING BTREE,
  INDEX `paper_id`(`paper_id`) USING BTREE,
  INDEX `qu_id`(`qu_id`) USING BTREE,
  INDEX `paper_qu_id`(`paper_id`, `qu_id`) USING BTREE,
  INDEX `sort`(`sort`) USING BTREE
) ENGINE = InnoDB CHARACTER SET = utf8mb4 COLLATE = utf8mb4_general_ci COMMENT = '考试记录考题' ROW_FORMAT = Dynamic;

-- ----------------------------
-- Records of el_paper_qu
-- ----------------------------
INSERT INTO `el_paper_qu` VALUES ('1664471465187106817', '1664471465052889089', '1587622642393649153', 1, 1, '', 0, 10, 10, 0);
INSERT INTO `el_paper_qu` VALUES ('1664471465447153666', '1664471465052889089', '1587622643173789698', 1, 1, '', 1, 10, 10, 1);
INSERT INTO `el_paper_qu` VALUES ('1664471465577177089', '1664471465052889089', '1587622643551277058', 1, 1, '', 2, 10, 10, 0);
INSERT INTO `el_paper_qu` VALUES ('1664471465640091650', '1664471465052889089', '1587622643312201730', 1, 1, '', 3, 10, 10, 0);
INSERT INTO `el_paper_qu` VALUES ('1664471465774309377', '1664471465052889089', '1587622642473340930', 1, 1, '', 4, 10, 10, 1);
INSERT INTO `el_paper_qu` VALUES ('1664471465904332802', '1664471465052889089', '1587622642838245378', 2, 1, '', 5, 10, 10, 1);
INSERT INTO `el_paper_qu` VALUES ('1664471465975635969', '1664471465052889089', '1587622642762747906', 2, 1, '', 6, 10, 10, 1);
INSERT INTO `el_paper_qu` VALUES ('1664471466130825217', '1664471465052889089', '1587622643693883394', 2, 1, '', 7, 10, 10, 0);
INSERT INTO `el_paper_qu` VALUES ('1664471466298597377', '1664471465052889089', '1587622643979096066', 3, 1, '', 8, 10, 10, 0);
INSERT INTO `el_paper_qu` VALUES ('1664471466562838529', '1664471465052889089', '1587622644201394178', 3, 1, '', 9, 10, 10, 0);
INSERT INTO `el_paper_qu` VALUES ('1664584697570680834', '1664584697507766273', '1587622643312201730', 1, 0, '', 0, 10, 10, 0);
INSERT INTO `el_paper_qu` VALUES ('1664584697637789698', '1664584697507766273', '1587622644356583425', 1, 0, '', 1, 10, 10, 0);
INSERT INTO `el_paper_qu` VALUES ('1664584697700704257', '1664584697507766273', '1587622642473340930', 1, 0, '', 2, 10, 10, 0);
INSERT INTO `el_paper_qu` VALUES ('1664584697700704258', '1664584697507766273', '1587622643173789698', 1, 0, '', 3, 10, 10, 0);
INSERT INTO `el_paper_qu` VALUES ('1664584697767813121', '1664584697507766273', '1587622643240898561', 1, 0, '', 4, 10, 10, 0);
INSERT INTO `el_paper_qu` VALUES ('1664584697834921986', '1664584697507766273', '1587622643760992258', 2, 0, '', 5, 10, 10, 0);
INSERT INTO `el_paper_qu` VALUES ('1664584697897836546', '1664584697507766273', '1587622643823906818', 2, 0, '', 6, 10, 10, 0);
INSERT INTO `el_paper_qu` VALUES ('1664584697964945409', '1664584697507766273', '1587622642838245378', 2, 0, '', 7, 10, 10, 0);
INSERT INTO `el_paper_qu` VALUES ('1664584697964945410', '1664584697507766273', '1587622643979096066', 3, 0, '', 8, 10, 10, 0);
INSERT INTO `el_paper_qu` VALUES ('1664584698027859969', '1664584697507766273', '1587622644281085953', 3, 0, '', 9, 10, 10, 0);
INSERT INTO `el_paper_qu` VALUES ('1664584888273100801', '1664584888143077377', '1587622642641113089', 1, 0, '', 0, 10, 10, 0);
INSERT INTO `el_paper_qu` VALUES ('1664584888340209666', '1664584888143077377', '1587622643312201730', 1, 0, '', 1, 10, 10, 0);
INSERT INTO `el_paper_qu` VALUES ('1664584888340209667', '1664584888143077377', '1587622642557227009', 1, 0, '', 2, 10, 10, 0);
INSERT INTO `el_paper_qu` VALUES ('1664584888407318529', '1664584888143077377', '1587622643626774530', 1, 0, '', 3, 10, 10, 0);
INSERT INTO `el_paper_qu` VALUES ('1664584888474427394', '1664584888143077377', '1587622643551277058', 1, 0, '', 4, 10, 10, 0);
INSERT INTO `el_paper_qu` VALUES ('1664584888474427395', '1664584888143077377', '1587622643895209985', 2, 0, '', 5, 10, 10, 0);
INSERT INTO `el_paper_qu` VALUES ('1664584888541536258', '1664584888143077377', '1587622643693883394', 2, 0, '', 6, 10, 10, 0);
INSERT INTO `el_paper_qu` VALUES ('1664584888604450818', '1664584888143077377', '1587622642838245378', 2, 0, '', 7, 10, 10, 0);
INSERT INTO `el_paper_qu` VALUES ('1664584888604450819', '1664584888143077377', '1587622644201394178', 3, 0, '', 8, 5, 5, 0);
INSERT INTO `el_paper_qu` VALUES ('1664584888671559681', '1664584888143077377', '1587622644054593538', 3, 0, '', 9, 5, 5, 0);
INSERT INTO `el_paper_qu` VALUES ('1664584888734474242', '1664584888143077377', '1664584674548146178', 4, 0, '', 10, 10, 10, 0);
INSERT INTO `el_paper_qu` VALUES ('1664586199668359169', '1664586199601250305', '1587622642263625729', 1, 0, '', 0, 10, 0, 0);
INSERT INTO `el_paper_qu` VALUES ('1664586199735468034', '1664586199601250305', '1587622643312201730', 1, 0, '', 1, 10, 0, 0);
INSERT INTO `el_paper_qu` VALUES ('1664586199802576897', '1664586199601250305', '1587622642557227009', 1, 0, '', 2, 10, 0, 0);
INSERT INTO `el_paper_qu` VALUES ('1664586199802576898', '1664586199601250305', '1587622643039571970', 1, 0, '', 3, 10, 0, 0);
INSERT INTO `el_paper_qu` VALUES ('1664586199865491457', '1664586199601250305', '1587622643240898561', 1, 0, '', 4, 10, 0, 0);
INSERT INTO `el_paper_qu` VALUES ('1664586199865491458', '1664586199601250305', '1587622643760992258', 2, 0, '', 5, 10, 0, 0);
INSERT INTO `el_paper_qu` VALUES ('1664586199865491459', '1664586199601250305', '1587622642838245378', 2, 1, '', 6, 10, 10, 1);
INSERT INTO `el_paper_qu` VALUES ('1664586199865491460', '1664586199601250305', '1587622643823906818', 2, 0, '', 7, 10, 0, 0);
INSERT INTO `el_paper_qu` VALUES ('1664586200129732609', '1664586199601250305', '1587622644201394178', 3, 0, '', 8, 5, 0, 0);
INSERT INTO `el_paper_qu` VALUES ('1664586200129732610', '1664586199601250305', '1587622642909548545', 3, 0, '', 9, 5, 0, 0);
INSERT INTO `el_paper_qu` VALUES ('1664586200129732611', '1664586199601250305', '1664584674548146178', 4, 0, '', 10, 10, 0, 0);
INSERT INTO `el_paper_qu` VALUES ('1664588318462967809', '1664588318068703234', '1587622642473340930', 1, 0, '', 0, 10, 1, 0);
INSERT INTO `el_paper_qu` VALUES ('1664588318462967810', '1664588318068703234', '1587622643396087810', 1, 0, '', 1, 10, 5, 0);
INSERT INTO `el_paper_qu` VALUES ('1664588318462967811', '1664588318068703234', '1587622642557227009', 1, 0, '', 2, 10, 6, 0);
INSERT INTO `el_paper_qu` VALUES ('1664588318462967812', '1664588318068703234', '1587622642699833345', 1, 0, '', 3, 10, 0, 0);
INSERT INTO `el_paper_qu` VALUES ('1664588318572019713', '1664588318068703234', '1587622643039571970', 1, 0, '', 4, 10, 0, 0);
INSERT INTO `el_paper_qu` VALUES ('1664588318655905794', '1664588318068703234', '1587622643823906818', 2, 0, '', 5, 10, 0, 0);
INSERT INTO `el_paper_qu` VALUES ('1664588318655905795', '1664588318068703234', '1587622643693883394', 2, 0, '', 6, 10, 0, 0);
INSERT INTO `el_paper_qu` VALUES ('1664588318655905796', '1664588318068703234', '1587622642762747906', 2, 0, '', 7, 10, 0, 0);
INSERT INTO `el_paper_qu` VALUES ('1664588318655905797', '1664588318068703234', '1587622644134285314', 3, 0, '', 8, 5, 0, 0);
INSERT INTO `el_paper_qu` VALUES ('1664588318785929217', '1664588318068703234', '1587622644281085953', 3, 0, '', 9, 5, 0, 0);
INSERT INTO `el_paper_qu` VALUES ('1664588318785929218', '1664588318068703234', '1664584674548146178', 4, 0, '', 10, 10, 0, 0);
INSERT INTO `el_paper_qu` VALUES ('1664995583988936706', '1664995583988936705', '1587622643039571970', 1, 1, 'hhhh', 0, 10, 5, 0);
INSERT INTO `el_paper_qu` VALUES ('1664995584060239874', '1664995583988936705', '1587622642393649153', 1, 1, 'hhhh', 1, 10, 0, 0);
INSERT INTO `el_paper_qu` VALUES ('1664995584060239875', '1664995583988936705', '1587622642641113089', 1, 1, 'hhhh', 2, 10, 0, 0);
INSERT INTO `el_paper_qu` VALUES ('1664995584060239876', '1664995583988936705', '1587622643240898561', 1, 0, '', 3, 10, 0, 0);
INSERT INTO `el_paper_qu` VALUES ('1664995584060239877', '1664995583988936705', '1587622643396087810', 1, 0, '', 4, 10, 0, 0);
INSERT INTO `el_paper_qu` VALUES ('1664995584123154433', '1664995583988936705', '1587622642838245378', 2, 0, '', 5, 10, 0, 0);
INSERT INTO `el_paper_qu` VALUES ('1664995584123154434', '1664995583988936705', '1587622643895209985', 2, 1, 'hhhh', 6, 10, 0, 0);
INSERT INTO `el_paper_qu` VALUES ('1664995584123154435', '1664995583988936705', '1587622643693883394', 2, 1, 'hhhh', 7, 10, 0, 0);
INSERT INTO `el_paper_qu` VALUES ('1664995584123154436', '1664995583988936705', '1587622643979096066', 3, 1, 'hhhh', 8, 5, 0, 0);
INSERT INTO `el_paper_qu` VALUES ('1664995584123154437', '1664995583988936705', '1587622644281085953', 3, 1, 'hhhh', 9, 5, 0, 0);
INSERT INTO `el_paper_qu` VALUES ('1664995584123154438', '1664995583988936705', '1664588237278019585', 4, 1, '耽误你第五年低', 10, 10, 10, 1);
INSERT INTO `el_paper_qu` VALUES ('1665185422046658563', '1665185422046658562', '1587622643312201730', 1, 1, '', 0, 10, 9, 0);
INSERT INTO `el_paper_qu` VALUES ('1665185422096990210', '1665185422046658562', '1587622644356583425', 1, 1, '', 1, 10, 0, 0);
INSERT INTO `el_paper_qu` VALUES ('1665185422096990211', '1665185422046658562', '1587622642641113089', 1, 1, '', 2, 10, 0, 0);
INSERT INTO `el_paper_qu` VALUES ('1665185422096990212', '1665185422046658562', '1587622643467390977', 1, 0, '', 3, 10, 0, 0);
INSERT INTO `el_paper_qu` VALUES ('1665185422159904770', '1665185422046658562', '1587622642263625729', 1, 0, '', 4, 10, 0, 0);
INSERT INTO `el_paper_qu` VALUES ('1665185422159904771', '1665185422046658562', '1587622642838245378', 2, 1, '', 5, 10, 0, 0);
INSERT INTO `el_paper_qu` VALUES ('1665185422159904772', '1665185422046658562', '1587622643823906818', 2, 1, '', 6, 10, 0, 0);
INSERT INTO `el_paper_qu` VALUES ('1665185422159904773', '1665185422046658562', '1587622643895209985', 2, 1, '', 7, 10, 0, 0);
INSERT INTO `el_paper_qu` VALUES ('1665185422159904774', '1665185422046658562', '1587622642976657410', 3, 0, '', 8, 5, 0, 0);
INSERT INTO `el_paper_qu` VALUES ('1665185422159904775', '1665185422046658562', '1587622644054593538', 3, 1, '', 9, 5, 0, 0);
INSERT INTO `el_paper_qu` VALUES ('1665185422227013634', '1665185422046658562', '1664584674548146178', 4, 0, '', 10, 10, 3, 0);
INSERT INTO `el_paper_qu` VALUES ('1665187183012610049', '1665187182945501186', '1587622643240898561', 1, 1, '', 0, 10, 0, 0);
INSERT INTO `el_paper_qu` VALUES ('1665187183012610050', '1665187182945501186', '1587622643173789698', 1, 0, '', 1, 10, 0, 0);
INSERT INTO `el_paper_qu` VALUES ('1665187183012610051', '1665187182945501186', '1587622644356583425', 1, 0, '', 2, 10, 0, 0);
INSERT INTO `el_paper_qu` VALUES ('1665187183012610052', '1665187182945501186', '1587622642393649153', 1, 0, '', 3, 10, 0, 0);
INSERT INTO `el_paper_qu` VALUES ('1665187183075524609', '1665187182945501186', '1587622643626774530', 1, 0, '', 4, 10, 0, 0);
INSERT INTO `el_paper_qu` VALUES ('1665187183075524610', '1665187182945501186', '1587622643823906818', 2, 0, '', 5, 10, 0, 0);
INSERT INTO `el_paper_qu` VALUES ('1665187183075524611', '1665187182945501186', '1587622643693883394', 2, 0, '', 6, 10, 0, 0);
INSERT INTO `el_paper_qu` VALUES ('1665187183075524612', '1665187182945501186', '1587622642838245378', 2, 0, '', 7, 10, 0, 0);
INSERT INTO `el_paper_qu` VALUES ('1665187183075524613', '1665187182945501186', '1587622643979096066', 3, 0, '', 8, 5, 0, 0);
INSERT INTO `el_paper_qu` VALUES ('1665187183075524614', '1665187182945501186', '1587622644054593538', 3, 0, '', 9, 5, 0, 0);
INSERT INTO `el_paper_qu` VALUES ('1665187183075524615', '1665187182945501186', '1664588237278019585', 4, 0, '', 10, 10, 0, 0);
INSERT INTO `el_paper_qu` VALUES ('1665189132294422529', '1665189132227313665', '1587622642641113089', 1, 1, '', 0, 10, 6, 1);
INSERT INTO `el_paper_qu` VALUES ('1665189132294422530', '1665189132227313665', '1587622642699833345', 1, 0, '', 1, 10, 0, 0);
INSERT INTO `el_paper_qu` VALUES ('1665189132294422531', '1665189132227313665', '1587622643396087810', 1, 0, '', 2, 10, 0, 0);
INSERT INTO `el_paper_qu` VALUES ('1665189132294422532', '1665189132227313665', '1587622642263625729', 1, 0, '', 3, 10, 0, 0);
INSERT INTO `el_paper_qu` VALUES ('1665189132294422533', '1665189132227313665', '1587622643467390977', 1, 0, '', 4, 10, 0, 0);
INSERT INTO `el_paper_qu` VALUES ('1665189132357337090', '1665189132227313665', '1587622642838245378', 2, 0, '', 5, 10, 0, 0);
INSERT INTO `el_paper_qu` VALUES ('1665189132357337091', '1665189132227313665', '1587622642762747906', 2, 0, '', 6, 10, 0, 0);
INSERT INTO `el_paper_qu` VALUES ('1665189132357337092', '1665189132227313665', '1587622643693883394', 2, 0, '', 7, 10, 0, 0);
INSERT INTO `el_paper_qu` VALUES ('1665189132357337093', '1665189132227313665', '1587622644281085953', 3, 0, '', 8, 5, 0, 0);
INSERT INTO `el_paper_qu` VALUES ('1665189132357337094', '1665189132227313665', '1587622644201394178', 3, 1, 'dsadsdasdasd', 9, 5, 0, 0);
INSERT INTO `el_paper_qu` VALUES ('1665189132357337095', '1665189132227313665', '1664584674548146178', 4, 1, 'dsadsdasdasd', 10, 10, 5, 1);
INSERT INTO `el_paper_qu` VALUES ('1665191356571582466', '1665191356508667906', '1587622643551277058', 1, 1, '', 0, 10, 0, 0);
INSERT INTO `el_paper_qu` VALUES ('1665191356571582467', '1665191356508667906', '1587622643312201730', 1, 1, '', 1, 10, 0, 0);
INSERT INTO `el_paper_qu` VALUES ('1665191356571582468', '1665191356508667906', '1587622642473340930', 1, 1, '', 2, 10, 0, 0);
INSERT INTO `el_paper_qu` VALUES ('1665191356571582469', '1665191356508667906', '1587622642557227009', 1, 0, '', 3, 10, 0, 0);
INSERT INTO `el_paper_qu` VALUES ('1665191356571582470', '1665191356508667906', '1587622643626774530', 1, 0, '', 4, 10, 0, 0);
INSERT INTO `el_paper_qu` VALUES ('1665191356571582471', '1665191356508667906', '1587622643895209985', 2, 1, '', 5, 10, 0, 0);
INSERT INTO `el_paper_qu` VALUES ('1665191356638691329', '1665191356508667906', '1587622643823906818', 2, 1, '', 6, 10, 0, 0);
INSERT INTO `el_paper_qu` VALUES ('1665191356638691330', '1665191356508667906', '1587622643760992258', 2, 1, '', 7, 10, 0, 0);
INSERT INTO `el_paper_qu` VALUES ('1665191356638691331', '1665191356508667906', '1587622644201394178', 3, 1, '', 8, 5, 10, 1);
INSERT INTO `el_paper_qu` VALUES ('1665191356638691332', '1665191356508667906', '1587622644054593538', 3, 1, '', 9, 5, 0, 0);
INSERT INTO `el_paper_qu` VALUES ('1665191356638691333', '1665191356508667906', '1664588237278019585', 4, 1, 'helloworld', 10, 10, 7, 1);
INSERT INTO `el_paper_qu` VALUES ('1665195278157828097', '1665195278128467969', '1587622642557227009', 1, 1, '', 0, 10, 0, 0);
INSERT INTO `el_paper_qu` VALUES ('1665195278157828098', '1665195278128467969', '1587622642263625729', 1, 1, '', 1, 10, 0, 0);
INSERT INTO `el_paper_qu` VALUES ('1665195278224936961', '1665195278128467969', '1587622644356583425', 1, 1, '', 2, 10, 0, 0);
INSERT INTO `el_paper_qu` VALUES ('1665195278224936962', '1665195278128467969', '1587622642641113089', 1, 1, '', 3, 10, 0, 0);
INSERT INTO `el_paper_qu` VALUES ('1665195278292045825', '1665195278128467969', '1587622643551277058', 1, 0, '', 4, 10, 0, 0);
INSERT INTO `el_paper_qu` VALUES ('1665195278292045826', '1665195278128467969', '1587622643760992258', 2, 0, '', 5, 10, 0, 0);
INSERT INTO `el_paper_qu` VALUES ('1665195278292045827', '1665195278128467969', '1587622643823906818', 2, 0, '', 6, 10, 0, 0);
INSERT INTO `el_paper_qu` VALUES ('1665195278359154690', '1665195278128467969', '1587622642838245378', 2, 1, '', 7, 10, 0, 0);
INSERT INTO `el_paper_qu` VALUES ('1665195278359154691', '1665195278128467969', '1587622643979096066', 3, 1, '', 8, 5, 10, 1);
INSERT INTO `el_paper_qu` VALUES ('1665195278359154692', '1665195278128467969', '1587622644281085953', 3, 1, '', 9, 5, 10, 1);
INSERT INTO `el_paper_qu` VALUES ('1665195278359154693', '1665195278128467969', '1664588237278019585', 4, 1, 'helloworld', 10, 10, 6, 1);
INSERT INTO `el_paper_qu` VALUES ('1665214122133876738', '1665214122066767874', '1587622642393649153', 1, 0, '', 0, 10, 0, 0);
INSERT INTO `el_paper_qu` VALUES ('1665214122196791298', '1665214122066767874', '1587622643173789698', 1, 0, '', 1, 10, 0, 0);
INSERT INTO `el_paper_qu` VALUES ('1665214122196791299', '1665214122066767874', '1587622642557227009', 1, 0, '', 2, 10, 0, 0);
INSERT INTO `el_paper_qu` VALUES ('1665214122259705858', '1665214122066767874', '1587622642699833345', 1, 0, '', 3, 10, 0, 0);
INSERT INTO `el_paper_qu` VALUES ('1665214122259705859', '1665214122066767874', '1587622643551277058', 1, 0, '', 4, 10, 0, 0);
INSERT INTO `el_paper_qu` VALUES ('1665214122259705860', '1665214122066767874', '1587622643895209985', 2, 0, '', 5, 10, 0, 0);
INSERT INTO `el_paper_qu` VALUES ('1665214122326814721', '1665214122066767874', '1587622643693883394', 2, 0, '', 6, 10, 0, 0);
INSERT INTO `el_paper_qu` VALUES ('1665214122326814722', '1665214122066767874', '1587622643823906818', 2, 0, '', 7, 10, 0, 0);
INSERT INTO `el_paper_qu` VALUES ('1665214122326814723', '1665214122066767874', '1587622642909548545', 3, 0, '', 8, 5, 0, 0);
INSERT INTO `el_paper_qu` VALUES ('1665214122393923585', '1665214122066767874', '1587622642976657410', 3, 0, '', 9, 5, 0, 0);
INSERT INTO `el_paper_qu` VALUES ('1665214122393923586', '1665214122066767874', '1664588237278019585', 4, 1, 'hello', 10, 10, 4, 1);

-- ----------------------------
-- Table structure for el_paper_qu_answer
-- ----------------------------
DROP TABLE IF EXISTS `el_paper_qu_answer`;
CREATE TABLE `el_paper_qu_answer`  (
  `id` varchar(64) CHARACTER SET utf8mb4 COLLATE utf8mb4_general_ci NOT NULL COMMENT '自增ID',
  `paper_id` varchar(64) CHARACTER SET utf8mb4 COLLATE utf8mb4_general_ci NOT NULL COMMENT '试卷ID',
  `answer_id` varchar(32) CHARACTER SET utf8mb4 COLLATE utf8mb4_general_ci NOT NULL COMMENT '回答项ID',
  `qu_id` varchar(32) CHARACTER SET utf8mb4 COLLATE utf8mb4_general_ci NOT NULL COMMENT '题目ID',
  `is_right` tinyint(0) NOT NULL DEFAULT 0 COMMENT '是否正确项',
  `checked` tinyint(0) NOT NULL DEFAULT 0 COMMENT '是否选中',
  `sort` int(0) NOT NULL DEFAULT 0 COMMENT '排序',
  `abc` varchar(64) CHARACTER SET utf8mb4 COLLATE utf8mb4_general_ci NOT NULL DEFAULT '' COMMENT '选项标签',
  PRIMARY KEY (`id`) USING BTREE,
  INDEX `paper_id`(`paper_id`) USING BTREE,
  INDEX `qu_id`(`qu_id`) USING BTREE,
  INDEX `paper_qu_id`(`paper_id`, `qu_id`) USING BTREE,
  INDEX `sort`(`sort`) USING BTREE
) ENGINE = InnoDB CHARACTER SET = utf8mb4 COLLATE = utf8mb4_general_ci COMMENT = '考试记录答案' ROW_FORMAT = Dynamic;

-- ----------------------------
-- Records of el_paper_qu_answer
-- ----------------------------
INSERT INTO `el_paper_qu_answer` VALUES ('00a3c878-6c9c-4b0c-bb57-38240e6d6081', '1664471465052889089', '1587622643702272001', '1587622643693883394', 1, 1, 3, 'D');
INSERT INTO `el_paper_qu_answer` VALUES ('00d03a99-7232-4f89-a3d9-93aee57b1112', '1665195278128467969', '1587622643983290369', '1587622643979096066', 1, 1, 1, 'B');
INSERT INTO `el_paper_qu_answer` VALUES ('00eebfbd-aef8-4e4f-bdb4-3d6d3e3595cd', '1664584888143077377', '1587622643903598594', '1587622643895209985', 1, 0, 1, 'B');
INSERT INTO `el_paper_qu_answer` VALUES ('016a5473-0a72-4106-acd8-21bcc7b7368a', '1665187182945501186', '1587622642402037763', '1587622642393649153', 0, 0, 2, 'C');
INSERT INTO `el_paper_qu_answer` VALUES ('0202da37-9066-427c-9db1-d20061124ce2', '1664584888143077377', '1587622642649501701', '1587622642641113089', 0, 0, 4, 'E');
INSERT INTO `el_paper_qu_answer` VALUES ('024fcc73-4d04-43e1-afeb-116b862f4d35', '1665187182945501186', '1587622643253481475', '1587622643240898561', 0, 1, 3, 'D');
INSERT INTO `el_paper_qu_answer` VALUES ('0265b99c-822d-4cfe-beef-8734798a8f9b', '1664584697507766273', '1587622643832295426', '1587622643823906818', 1, 0, 2, 'C');
INSERT INTO `el_paper_qu_answer` VALUES ('03c14de9-05ba-4035-ba8c-5004e381c0ca', '1665189132227313665', '1587622643702272001', '1587622643693883394', 1, 0, 0, 'A');
INSERT INTO `el_paper_qu_answer` VALUES ('03eefd87-194c-4a99-872b-2ea263b6de4b', '1664584697507766273', '1587622644289474563', '1587622644281085953', 0, 0, 0, 'A');
INSERT INTO `el_paper_qu_answer` VALUES ('042de55a-f701-4b72-9fd6-1c1cd97ba4fa', '1665185422046658562', '1587622643832295426', '1587622643823906818', 1, 1, 2, 'C');
INSERT INTO `el_paper_qu_answer` VALUES ('058333cb-94a4-43d7-8a58-390fcc455932', '1664471465052889089', '1587622643324784644', '1587622643312201730', 1, 0, 0, 'A');
INSERT INTO `el_paper_qu_answer` VALUES ('059c0706-2177-461b-a550-0b7a706f6c7b', '1664586199601250305', '1587622643324784643', '1587622643312201730', 0, 0, 1, 'B');
INSERT INTO `el_paper_qu_answer` VALUES ('07349142-f188-48f7-949c-05e6966861c8', '1665195278128467969', '1587622642569809922', '1587622642557227009', 0, 0, 0, 'A');
INSERT INTO `el_paper_qu_answer` VALUES ('0769a6c4-9d57-4be6-8377-1bcae479f01d', '1664584888143077377', '1587622643324784644', '1587622643312201730', 1, 0, 1, 'B');
INSERT INTO `el_paper_qu_answer` VALUES ('077a5140-6074-4bd3-b949-538b4799cb4c', '1664586199601250305', '1587622642318151682', '1587622642263625729', 0, 0, 3, 'D');
INSERT INTO `el_paper_qu_answer` VALUES ('07f1f88b-e38f-4f45-8903-3f66aea23f59', '1664584888143077377', '1587622643702272003', '1587622643693883394', 0, 0, 0, 'A');
INSERT INTO `el_paper_qu_answer` VALUES ('08a9feeb-c6e1-4fe1-b83e-1fb903ac8dc9', '1665189132227313665', '1587622643479973891', '1587622643467390977', 1, 0, 2, 'C');
INSERT INTO `el_paper_qu_answer` VALUES ('08e49376-5a3a-493f-b3c4-dc4a0ae68927', '1665185422046658562', '1587622644369166338', '1587622644356583425', 0, 0, 1, 'B');
INSERT INTO `el_paper_qu_answer` VALUES ('09788a50-e9f7-47ff-b2e9-a7be444788f6', '1664471465052889089', '1587622642771136513', '1587622642762747906', 1, 1, 3, 'D');
INSERT INTO `el_paper_qu_answer` VALUES ('0a4a8fe9-ce2f-4a3b-bd69-76921cba1e79', '1664995583988936705', '1587622643047960579', '1587622643039571970', 1, 0, 2, 'C');
INSERT INTO `el_paper_qu_answer` VALUES ('0abc4465-154d-498d-b4cb-b283d43a0424', '1665189132227313665', '1587622643479973889', '1587622643467390977', 0, 0, 0, 'A');
INSERT INTO `el_paper_qu_answer` VALUES ('0c1eebda-f29e-4692-b72c-8e806609f6a7', '1665189132227313665', '1587622644289474562', '1587622644281085953', 0, 0, 1, 'B');
INSERT INTO `el_paper_qu_answer` VALUES ('0cad56a8-8905-4e86-9cb4-e3746e1ddd42', '1665187182945501186', '1587622643987484674', '1587622643979096066', 0, 0, 1, 'B');
INSERT INTO `el_paper_qu_answer` VALUES ('0d7e218c-658d-4e22-9865-13bc10a2b980', '1665195278128467969', '1587622642649501699', '1587622642641113089', 0, 1, 2, 'C');
INSERT INTO `el_paper_qu_answer` VALUES ('0dc06f3b-b51e-4c6e-bbfc-d7489a6c25de', '1665187182945501186', '1587622644369166338', '1587622644356583425', 0, 0, 2, 'C');
INSERT INTO `el_paper_qu_answer` VALUES ('0dfe555c-29ce-47bb-b2f4-ff0ea85d8e81', '1664995583988936705', '1587622643404476420', '1587622643396087810', 0, 0, 0, 'A');
INSERT INTO `el_paper_qu_answer` VALUES ('0e02527a-327c-4568-a209-3aebe6f2f67f', '1664584888143077377', '1587622643702272001', '1587622643693883394', 1, 0, 2, 'C');
INSERT INTO `el_paper_qu_answer` VALUES ('0ecbaa66-c08d-46cc-bbf6-8f8883686857', '1664584888143077377', '1587622643702272002', '1587622643693883394', 1, 0, 1, 'B');
INSERT INTO `el_paper_qu_answer` VALUES ('0eea1b92-e399-4989-adc1-668f31284ed9', '1664584697507766273', '1587622643182178307', '1587622643173789698', 1, 0, 1, 'B');
INSERT INTO `el_paper_qu_answer` VALUES ('0fb58121-c9c9-4cba-bc1a-bb0d5f49d5ec', '1664995583988936705', '1587622644289474562', '1587622644281085953', 0, 0, 0, 'A');
INSERT INTO `el_paper_qu_answer` VALUES ('1092afcf-85fe-4bde-bb09-d7f706f1be85', '1665214122066767874', '1587622643182178305', '1587622643173789698', 0, 0, 3, 'D');
INSERT INTO `el_paper_qu_answer` VALUES ('10f29459-c40e-4197-9acd-ef6fda67508f', '1664584697507766273', '1587622642846633987', '1587622642838245378', 1, 0, 0, 'A');
INSERT INTO `el_paper_qu_answer` VALUES ('114961e8-3d90-4a63-ac13-f81e70c86676', '1665214122066767874', '1587622642917937153', '1587622642909548545', 1, 0, 0, 'A');
INSERT INTO `el_paper_qu_answer` VALUES ('11728dd2-6881-4045-a5e6-aba2c456b5a3', '1665185422046658562', '1587622644364972035', '1587622644356583425', 1, 0, 0, 'A');
INSERT INTO `el_paper_qu_answer` VALUES ('1245b64f-b0d3-4f60-8834-3fbbf1df6594', '1664584888143077377', '1587622642649501697', '1587622642641113089', 0, 0, 0, 'A');
INSERT INTO `el_paper_qu_answer` VALUES ('1295d20c-3f82-4d92-8218-558686588aaf', '1665214122066767874', '1587622642989240321', '1587622642976657410', 0, 0, 1, 'B');
INSERT INTO `el_paper_qu_answer` VALUES ('12d59393-8a5f-47b5-bbb5-57279aeee601', '1664471465052889089', '1587622642402037761', '1587622642393649153', 0, 0, 3, 'D');
INSERT INTO `el_paper_qu_answer` VALUES ('12ed3628-d0a0-4a9c-8542-39114334843c', '1664584888143077377', '1587622643903598596', '1587622643895209985', 1, 0, 3, 'D');
INSERT INTO `el_paper_qu_answer` VALUES ('13016740-ad34-42e4-b83a-1dd36320f698', '1665195278128467969', '1587622642309763073', '1587622642263625729', 0, 0, 3, 'D');
INSERT INTO `el_paper_qu_answer` VALUES ('13ddb28f-bacf-471c-805f-adc8ea5d72a6', '1665214122066767874', '1587622642708221956', '1587622642699833345', 0, 0, 0, 'A');
INSERT INTO `el_paper_qu_answer` VALUES ('1477eec8-e8c0-4d4c-8f89-b9c874c4dcc4', '1664995583988936705', '1587622643702272004', '1587622643693883394', 0, 0, 1, 'B');
INSERT INTO `el_paper_qu_answer` VALUES ('15bdb4c3-c9a9-4da9-b9b5-1be2a050e76d', '1664471465052889089', '1587622643702272003', '1587622643693883394', 0, 1, 0, 'A');
INSERT INTO `el_paper_qu_answer` VALUES ('1608f8d3-7848-482e-9343-f176815885e6', '1664584697507766273', '1587622642490118147', '1587622642473340930', 1, 0, 4, 'E');
INSERT INTO `el_paper_qu_answer` VALUES ('166e75c9-7f84-4c5c-95aa-bed40518a970', '1664588318068703234', '1587622642490118149', '1587622642473340930', 0, 0, 2, 'C');
INSERT INTO `el_paper_qu_answer` VALUES ('1696675f-6e43-4459-a3b7-b0278a34146e', '1664588318068703234', '1587622643832295429', '1587622643823906818', 1, 0, 0, 'A');
INSERT INTO `el_paper_qu_answer` VALUES ('173139ef-208e-4fe1-a682-f826d4251d3a', '1664471465052889089', '1587622642402037762', '1587622642393649153', 0, 1, 4, 'E');
INSERT INTO `el_paper_qu_answer` VALUES ('17d686aa-2136-4ebd-8b91-215b522ed70f', '1665185422046658562', '1587622643324784642', '1587622643312201730', 0, 0, 2, 'C');
INSERT INTO `el_paper_qu_answer` VALUES ('1920e46d-26f9-48f7-a7eb-d49befe566f8', '1665195278128467969', '1587622643563859971', '1587622643551277058', 1, 0, 1, 'B');
INSERT INTO `el_paper_qu_answer` VALUES ('19262a30-225b-4de8-8523-3d10a7ae32fb', '1664586199601250305', '1664584674678169602', '1664584674548146178', 0, 0, 0, 'A');
INSERT INTO `el_paper_qu_answer` VALUES ('195d4db8-21da-4797-8359-0c55061e7084', '1664471465052889089', '1587622643563859973', '1587622643551277058', 1, 0, 3, 'D');
INSERT INTO `el_paper_qu_answer` VALUES ('19686eb6-d7fd-48ac-a6db-cf3a9f22b2dc', '1665189132227313665', '1587622642708221956', '1587622642699833345', 0, 0, 0, 'A');
INSERT INTO `el_paper_qu_answer` VALUES ('19af3ef1-c736-4532-a194-eab48227f7b0', '1664584697507766273', '1587622642490118145', '1587622642473340930', 0, 0, 0, 'A');
INSERT INTO `el_paper_qu_answer` VALUES ('1b05eb90-030e-4287-b437-362623771882', '1665187182945501186', '1587622643702272003', '1587622643693883394', 1, 0, 0, 'A');
INSERT INTO `el_paper_qu_answer` VALUES ('1beaff62-21c6-40e3-8278-873047aa8386', '1665214122066767874', '1587622642708221954', '1587622642699833345', 0, 0, 3, 'D');
INSERT INTO `el_paper_qu_answer` VALUES ('1bf06c61-ee7b-4775-8850-0b10fb8c615e', '1665185422046658562', '1587622643903598597', '1587622643895209985', 1, 0, 1, 'B');
INSERT INTO `el_paper_qu_answer` VALUES ('1c25a709-b4c8-4f0d-b66f-642eaf4da9ad', '1664586199601250305', '1587622643832295426', '1587622643823906818', 1, 0, 4, 'E');
INSERT INTO `el_paper_qu_answer` VALUES ('1ca13686-a551-4a93-97ca-9e4847bcc53b', '1664471465052889089', '1587622642775330820', '1587622642762747906', 0, 0, 1, 'B');
INSERT INTO `el_paper_qu_answer` VALUES ('1d1a6458-2b9a-48cd-a1fb-bc2c6693921d', '1664586199601250305', '1587622644209782786', '1587622644201394178', 0, 0, 0, 'A');
INSERT INTO `el_paper_qu_answer` VALUES ('1d1d2bdf-e50a-472a-8a5f-cd9ccb1e97b0', '1665191356508667906', '1664588237408043010', '1664588237278019585', 0, 0, 0, 'A');
INSERT INTO `el_paper_qu_answer` VALUES ('1e27453c-a77c-40dd-9510-3d4e0a57ed3f', '1665191356508667906', '1587622643563859972', '1587622643551277058', 0, 1, 2, 'C');
INSERT INTO `el_paper_qu_answer` VALUES ('1e732554-5404-4691-8cb8-1ab00e64f40d', '1665214122066767874', '1587622642569809922', '1587622642557227009', 0, 0, 0, 'A');
INSERT INTO `el_paper_qu_answer` VALUES ('1fe39d4a-75ff-4f25-8cca-477674c0e953', '1664471465052889089', '1587622643983290369', '1587622643979096066', 1, 0, 1, 'B');
INSERT INTO `el_paper_qu_answer` VALUES ('201df2a4-a83e-4857-a4b7-a9df6b90df26', '1664586199601250305', '1587622643253481475', '1587622643240898561', 0, 0, 0, 'A');
INSERT INTO `el_paper_qu_answer` VALUES ('20712887-1b63-404a-823e-7b22640b2d9c', '1665189132227313665', '1587622642775330818', '1587622642762747906', 1, 0, 2, 'C');
INSERT INTO `el_paper_qu_answer` VALUES ('2238ddf5-4908-40c5-960e-c8647dcb636f', '1665185422046658562', '1587622642649501699', '1587622642641113089', 0, 1, 2, 'C');
INSERT INTO `el_paper_qu_answer` VALUES ('22f84ba7-5225-4230-976f-ab8dc80f0b93', '1665187182945501186', '1587622642846633985', '1587622642838245378', 1, 0, 2, 'C');
INSERT INTO `el_paper_qu_answer` VALUES ('2308c9a6-1daa-4c3f-9222-89ca5725d9a8', '1665214122066767874', '1587622642708221955', '1587622642699833345', 0, 0, 2, 'C');
INSERT INTO `el_paper_qu_answer` VALUES ('25457f97-5e23-46d9-90f9-fb5d6476d333', '1665195278128467969', '1587622644289474562', '1587622644281085953', 0, 0, 1, 'B');
INSERT INTO `el_paper_qu_answer` VALUES ('25b4f90e-fcec-4d7a-912e-715554fc0b9d', '1665214122066767874', '1587622643182178308', '1587622643173789698', 0, 0, 2, 'C');
INSERT INTO `el_paper_qu_answer` VALUES ('25f8c61e-cff9-4465-967c-7c6164db7b77', '1665191356508667906', '1587622643563859971', '1587622643551277058', 1, 0, 1, 'B');
INSERT INTO `el_paper_qu_answer` VALUES ('273f04c7-e16c-425a-a09a-594186d43ba0', '1664586199601250305', '1587622642917937153', '1587622642909548545', 1, 0, 1, 'B');
INSERT INTO `el_paper_qu_answer` VALUES ('27857181-38dd-45b6-b111-6a37fbfbb98e', '1665214122066767874', '1587622643563859971', '1587622643551277058', 1, 0, 1, 'B');
INSERT INTO `el_paper_qu_answer` VALUES ('29cac85e-2579-4d80-90c7-b7b74b24850c', '1664584697507766273', '1587622643324784644', '1587622643312201730', 1, 0, 0, 'A');
INSERT INTO `el_paper_qu_answer` VALUES ('29de7150-b9b6-4c4d-9fff-4e6b50721689', '1664588318068703234', '1587622644289474563', '1587622644281085953', 0, 0, 1, 'B');
INSERT INTO `el_paper_qu_answer` VALUES ('2a145ea0-c98c-4837-a63b-f6d16c1f1b3d', '1664471465052889089', '1587622643702272002', '1587622643693883394', 1, 1, 1, 'B');
INSERT INTO `el_paper_qu_answer` VALUES ('2a36a2ac-3c99-4541-92dc-977b7e23dd86', '1665187182945501186', '1587622644364972035', '1587622644356583425', 1, 0, 3, 'D');
INSERT INTO `el_paper_qu_answer` VALUES ('2ac40afe-14e1-4327-91db-26ed476226f8', '1664584888143077377', '1587622642569809925', '1587622642557227009', 0, 0, 3, 'D');
INSERT INTO `el_paper_qu_answer` VALUES ('2b2c194b-bb64-4ce9-b6ac-81a0e2cab1ca', '1665185422046658562', '1587622643479973889', '1587622643467390977', 0, 0, 0, 'A');
INSERT INTO `el_paper_qu_answer` VALUES ('2b82b11c-8e90-4c34-94bf-4d229505cfb9', '1665185422046658562', '1587622642985046018', '1587622642976657410', 1, 0, 1, 'B');
INSERT INTO `el_paper_qu_answer` VALUES ('2c90a612-3ac4-4cf7-8260-6d013c51f103', '1665187182945501186', '1587622642846633986', '1587622642838245378', 1, 0, 3, 'D');
INSERT INTO `el_paper_qu_answer` VALUES ('2ddda46f-aaf3-49a8-a2c0-ea2949ecec0b', '1665214122066767874', '1587622642917937154', '1587622642909548545', 0, 0, 1, 'B');
INSERT INTO `el_paper_qu_answer` VALUES ('2e0c6620-33b8-466d-863f-9cf4e4ffae91', '1664471465052889089', '1587622643182178306', '1587622643173789698', 0, 0, 0, 'A');
INSERT INTO `el_paper_qu_answer` VALUES ('2e1be75e-3b56-4cce-a37d-d0b96f4be7f8', '1665195278128467969', '1587622642649501697', '1587622642641113089', 0, 0, 1, 'B');
INSERT INTO `el_paper_qu_answer` VALUES ('2ea840dc-0d51-4497-b3ed-6905d3d688c0', '1665191356508667906', '1587622643903598596', '1587622643895209985', 1, 1, 2, 'C');
INSERT INTO `el_paper_qu_answer` VALUES ('2ef5cc5f-f3f4-4b79-9ba9-4f5a6625fea0', '1664995583988936705', '1664594708652883969', '1587622643693883394', 0, 0, 4, 'E');
INSERT INTO `el_paper_qu_answer` VALUES ('2f4f8e3f-80bb-44a6-82d1-70c759e56a42', '1664584697507766273', '1587622643832295429', '1587622643823906818', 1, 0, 0, 'A');
INSERT INTO `el_paper_qu_answer` VALUES ('2f970a35-8bc6-4045-868a-4b21aaeb54e0', '1665195278128467969', '1587622643832295428', '1587622643823906818', 1, 0, 2, 'C');
INSERT INTO `el_paper_qu_answer` VALUES ('2fc9d0e7-abd0-4e76-ac8d-efb63c4a3cf6', '1665191356508667906', '1587622642569809922', '1587622642557227009', 0, 0, 3, 'D');
INSERT INTO `el_paper_qu_answer` VALUES ('2fe0d85e-1eee-4bbd-a330-76aeffd05c53', '1665189132227313665', '1587622642649501699', '1587622642641113089', 0, 0, 0, 'A');
INSERT INTO `el_paper_qu_answer` VALUES ('30529bab-4dcf-4c1b-98fb-52a7dbf6fa93', '1664588318068703234', '1587622642708221957', '1587622642699833345', 0, 0, 0, 'A');
INSERT INTO `el_paper_qu_answer` VALUES ('3060db3a-3d7a-42f7-98a2-6e676b3f9fa0', '1664588318068703234', '1587622643832295426', '1587622643823906818', 1, 0, 4, 'E');
INSERT INTO `el_paper_qu_answer` VALUES ('30b49dba-6d3c-4afc-9a2f-085fa577612a', '1665195278128467969', '1587622642846633985', '1587622642838245378', 1, 0, 0, 'A');
INSERT INTO `el_paper_qu_answer` VALUES ('3167df09-1d48-4166-a77b-5c8f2c03daa3', '1665195278128467969', '1587622643765186561', '1587622643760992258', 1, 0, 3, 'D');
INSERT INTO `el_paper_qu_answer` VALUES ('31cfa366-8482-4de2-9b00-25bba27616dd', '1665187182945501186', '1587622644364972036', '1587622644356583425', 0, 0, 1, 'B');
INSERT INTO `el_paper_qu_answer` VALUES ('325acb02-a818-4fa0-a271-bb5fb377c6c5', '1664471465052889089', '1587622642490118148', '1587622642473340930', 0, 0, 1, 'B');
INSERT INTO `el_paper_qu_answer` VALUES ('32978b0d-abd6-41fc-8749-b5f6e2fa43c9', '1665185422046658562', '1664584674678169602', '1664584674548146178', 0, 0, 0, 'A');
INSERT INTO `el_paper_qu_answer` VALUES ('32a2ad21-5840-49b9-abfe-b24ef76cff64', '1665195278128467969', '1587622644364972035', '1587622644356583425', 1, 0, 1, 'B');
INSERT INTO `el_paper_qu_answer` VALUES ('32c09314-58df-4266-a858-ba55cc75772b', '1665214122066767874', '1664593753593085954', '1587622643895209985', 1, 0, 2, 'C');
INSERT INTO `el_paper_qu_answer` VALUES ('32d86295-799e-4036-ba06-a2707e9e7365', '1664584697507766273', '1587622643249287170', '1587622643240898561', 0, 0, 0, 'A');
INSERT INTO `el_paper_qu_answer` VALUES ('33198913-7267-4d37-81c5-b0c87f913d73', '1664588318068703234', '1587622644138479618', '1587622644134285314', 1, 0, 1, 'B');
INSERT INTO `el_paper_qu_answer` VALUES ('33358bce-5174-4c8e-bf9d-b7665b956d53', '1664588318068703234', '1587622643047960578', '1587622643039571970', 0, 0, 1, 'B');
INSERT INTO `el_paper_qu_answer` VALUES ('339a5d36-2e9a-4318-b84c-05aa07681b54', '1664588318068703234', '1587622643052154882', '1587622643039571970', 0, 0, 0, 'A');
INSERT INTO `el_paper_qu_answer` VALUES ('34331a7e-9efb-4d31-91ee-bd737281ab8f', '1664584888143077377', '1587622643563859971', '1587622643551277058', 0, 0, 0, 'A');
INSERT INTO `el_paper_qu_answer` VALUES ('3439a2f9-8ee0-42aa-aec9-5c875cfe5a5b', '1665185422046658562', '1587622642846633988', '1587622642838245378', 0, 1, 2, 'C');
INSERT INTO `el_paper_qu_answer` VALUES ('3499d91e-f8cc-4318-859e-d8c2a53122f0', '1664588318068703234', '1587622642569809926', '1587622642557227009', 0, 0, 1, 'B');
INSERT INTO `el_paper_qu_answer` VALUES ('35f6b598-e26d-4340-9632-00e8f3d1659c', '1664584888143077377', '1587622643639357443', '1587622643626774530', 0, 0, 1, 'B');
INSERT INTO `el_paper_qu_answer` VALUES ('365d5637-388a-4de3-9874-3bebd6d29605', '1665214122066767874', '1587622643903598595', '1587622643895209985', 1, 0, 4, 'E');
INSERT INTO `el_paper_qu_answer` VALUES ('39db2919-7616-4ade-94ef-15bd6e669bc5', '1664586199601250305', '1587622642569809922', '1587622642557227009', 1, 0, 0, 'A');
INSERT INTO `el_paper_qu_answer` VALUES ('39fb10a0-1089-4085-b14a-f1ef4dc3477d', '1664586199601250305', '1587622642569809925', '1587622642557227009', 0, 0, 4, 'E');
INSERT INTO `el_paper_qu_answer` VALUES ('3a0950d0-92ac-4e23-b4a4-a1f837a98f82', '1665187182945501186', '1587622643182178305', '1587622643173789698', 0, 0, 1, 'B');
INSERT INTO `el_paper_qu_answer` VALUES ('3a3d1f54-0202-483e-a7e2-55461b858c8c', '1664471465052889089', '1587622643702272004', '1587622643693883394', 1, 1, 2, 'C');
INSERT INTO `el_paper_qu_answer` VALUES ('3b520d12-c823-47d2-b7c5-a3bc76925c56', '1664584697507766273', '1587622643253481474', '1587622643240898561', 0, 0, 1, 'B');
INSERT INTO `el_paper_qu_answer` VALUES ('3ba4d28e-b7aa-4e97-ad69-8db8ca971e2a', '1664588318068703234', '1587622643832295428', '1587622643823906818', 1, 0, 2, 'C');
INSERT INTO `el_paper_qu_answer` VALUES ('3baf9827-08af-4de9-aedb-b86cb6996d52', '1664995583988936705', '1664588237408043010', '1664588237278019585', 0, 0, 0, 'A');
INSERT INTO `el_paper_qu_answer` VALUES ('3c16483b-5b04-4dd7-b0e0-385d1254608a', '1665189132227313665', '1587622642318151683', '1587622642263625729', 0, 0, 3, 'D');
INSERT INTO `el_paper_qu_answer` VALUES ('3c99e391-4cb8-4be8-bc78-db922090d1fb', '1665214122066767874', '1587622643903598594', '1587622643895209985', 1, 0, 0, 'A');
INSERT INTO `el_paper_qu_answer` VALUES ('3de8a886-a1ba-4ae7-91ac-35ec61a7d3df', '1665195278128467969', '1587622642318151681', '1587622642263625729', 1, 0, 0, 'A');
INSERT INTO `el_paper_qu_answer` VALUES ('3defcef2-148c-4b21-800b-5b0758d98510', '1664586199601250305', '1587622643047960578', '1587622643039571970', 0, 0, 0, 'A');
INSERT INTO `el_paper_qu_answer` VALUES ('3e388adc-f1cb-4e1d-9212-a9f9323fba6b', '1665191356508667906', '1587622642490118148', '1587622642473340930', 1, 0, 1, 'B');
INSERT INTO `el_paper_qu_answer` VALUES ('3e429bf6-38ac-4df0-a16d-0eb9a68f5203', '1665191356508667906', '1587622643769380865', '1587622643760992258', 1, 0, 2, 'C');
INSERT INTO `el_paper_qu_answer` VALUES ('3e6acc3c-5909-4248-9a8c-6d17725f806c', '1665195278128467969', '1587622644289474563', '1587622644281085953', 1, 1, 0, 'A');
INSERT INTO `el_paper_qu_answer` VALUES ('3eb45490-9835-43e6-b599-cb48f3232092', '1664584888143077377', '1587622642846633985', '1587622642838245378', 1, 0, 2, 'C');
INSERT INTO `el_paper_qu_answer` VALUES ('3f71ee69-af84-4329-a4e5-415b1f0ff6fc', '1664995583988936705', '1587622643702272001', '1587622643693883394', 1, 1, 2, 'C');
INSERT INTO `el_paper_qu_answer` VALUES ('4050bddc-62cb-419b-bb6d-06cde45bac7b', '1665191356508667906', '1587622643324784643', '1587622643312201730', 0, 0, 0, 'A');
INSERT INTO `el_paper_qu_answer` VALUES ('40810b32-052f-4d37-82e8-f54dea9fe4af', '1665214122066767874', '1587622643702272004', '1587622643693883394', 0, 0, 2, 'C');
INSERT INTO `el_paper_qu_answer` VALUES ('4084f4c9-7fde-4e33-a35d-0fbea4169836', '1665189132227313665', '1587622642309763073', '1587622642263625729', 0, 0, 2, 'C');
INSERT INTO `el_paper_qu_answer` VALUES ('408c50dd-9f0f-4d07-ae14-d196c1186dc5', '1664586199601250305', '1587622642569809926', '1587622642557227009', 0, 0, 3, 'D');
INSERT INTO `el_paper_qu_answer` VALUES ('4158a901-6ffa-4720-9f48-1a32aeaa8ee8', '1664995583988936705', '1587622643702272003', '1587622643693883394', 1, 1, 3, 'D');
INSERT INTO `el_paper_qu_answer` VALUES ('41afad08-9323-45da-8b80-9a6cd8df2c7b', '1665214122066767874', '1587622643702272001', '1587622643693883394', 1, 0, 3, 'D');
INSERT INTO `el_paper_qu_answer` VALUES ('42240cdb-31fb-4d6c-a733-0f9154d15bce', '1665214122066767874', '1587622643832295429', '1587622643823906818', 1, 0, 1, 'B');
INSERT INTO `el_paper_qu_answer` VALUES ('42bd8c8a-4387-42a8-8ce2-5598675f39f6', '1665187182945501186', '1587622643635163138', '1587622643626774530', 1, 0, 3, 'D');
INSERT INTO `el_paper_qu_answer` VALUES ('430519e8-2b18-4cba-8e5b-39881fe2dd9a', '1664584697507766273', '1587622643832295427', '1587622643823906818', 1, 0, 1, 'B');
INSERT INTO `el_paper_qu_answer` VALUES ('4371c9b6-44bf-4bdd-95ef-f366a25104dc', '1665191356508667906', '1587622644062982146', '1587622644054593538', 1, 0, 0, 'A');
INSERT INTO `el_paper_qu_answer` VALUES ('4391533f-fa71-4240-82e6-9486f002894f', '1665189132227313665', '1587622643479973892', '1587622643467390977', 0, 0, 3, 'D');
INSERT INTO `el_paper_qu_answer` VALUES ('44016344-cbb2-4085-aae1-712c8b74c684', '1665185422046658562', '1587622644364972036', '1587622644356583425', 0, 1, 2, 'C');
INSERT INTO `el_paper_qu_answer` VALUES ('4504ae1a-5a8a-45a8-85da-258bee15bf74', '1665214122066767874', '1664588237408043010', '1664588237278019585', 0, 0, 0, 'A');
INSERT INTO `el_paper_qu_answer` VALUES ('4516f2d0-e0a9-407d-83bb-6a8fb8380855', '1665191356508667906', '1587622643639357442', '1587622643626774530', 0, 0, 3, 'D');
INSERT INTO `el_paper_qu_answer` VALUES ('452c3400-6ff7-43b6-97ca-16cb299d4803', '1664584888143077377', '1587622643563859972', '1587622643551277058', 0, 0, 1, 'B');
INSERT INTO `el_paper_qu_answer` VALUES ('452f92fc-e324-4eb4-b195-95811f2c6fe4', '1664995583988936705', '1587622643253481474', '1587622643240898561', 0, 0, 2, 'C');
INSERT INTO `el_paper_qu_answer` VALUES ('45f58e40-3433-4296-830d-0edd80ee50ab', '1665195278128467969', '1587622643563859973', '1587622643551277058', 0, 0, 0, 'A');
INSERT INTO `el_paper_qu_answer` VALUES ('464aa6d0-9bda-48c2-a7ef-b7ace3b8894d', '1664471465052889089', '1587622642402037764', '1587622642393649153', 1, 0, 0, 'A');
INSERT INTO `el_paper_qu_answer` VALUES ('473a126e-4b98-4607-8aae-a890859c5aa4', '1665187182945501186', '1587622643249287170', '1587622643240898561', 1, 0, 1, 'B');
INSERT INTO `el_paper_qu_answer` VALUES ('487e5edb-af7a-47d1-be94-eca3ac55d380', '1664586199601250305', '1587622643047960580', '1587622643039571970', 0, 0, 1, 'B');
INSERT INTO `el_paper_qu_answer` VALUES ('4883ae37-751f-42ae-85bd-cf12e699feb6', '1664584888143077377', '1587622644058787842', '1587622644054593538', 0, 0, 0, 'A');
INSERT INTO `el_paper_qu_answer` VALUES ('49604df6-ea4a-464a-9e5f-fcf1a7794228', '1664471465052889089', '1587622643324784643', '1587622643312201730', 0, 1, 1, 'B');
INSERT INTO `el_paper_qu_answer` VALUES ('496316ba-6d9f-453f-b1bc-59c4aafb93de', '1664588318068703234', '1587622642775330819', '1587622642762747906', 0, 0, 1, 'B');
INSERT INTO `el_paper_qu_answer` VALUES ('4a488a4b-fb10-4dd6-8a9b-96ab8dcabfb7', '1664995583988936705', '1587622642846633987', '1587622642838245378', 1, 0, 1, 'B');
INSERT INTO `el_paper_qu_answer` VALUES ('4b913d13-83b5-4d17-8127-2dfe573e124d', '1665185422046658562', '1587622642649501700', '1587622642641113089', 1, 0, 0, 'A');
INSERT INTO `el_paper_qu_answer` VALUES ('4ca86616-bbcb-4625-ba85-3f2624967ca6', '1665185422046658562', '1587622642846633986', '1587622642838245378', 1, 0, 0, 'A');
INSERT INTO `el_paper_qu_answer` VALUES ('4cc4347d-0153-4dcf-b4c1-c4547bf72b9f', '1664586199601250305', '1587622642318151683', '1587622642263625729', 0, 0, 2, 'C');
INSERT INTO `el_paper_qu_answer` VALUES ('4d1455ef-f4b7-42c2-9d7c-42d18d93f881', '1664586199601250305', '1587622642569809924', '1587622642557227009', 0, 0, 1, 'B');
INSERT INTO `el_paper_qu_answer` VALUES ('4d92ea98-bc7f-4846-9e26-6649dc5ed816', '1665195278128467969', '1587622642649501698', '1587622642641113089', 0, 0, 3, 'D');
INSERT INTO `el_paper_qu_answer` VALUES ('4dd4fd14-1ba1-424a-8387-295fb33c587a', '1664588318068703234', '1587622643047960580', '1587622643039571970', 0, 0, 3, 'D');
INSERT INTO `el_paper_qu_answer` VALUES ('4ed2c57b-a59f-4a8a-95a1-b9c38759979f', '1664588318068703234', '1587622643404476418', '1587622643396087810', 0, 0, 2, 'C');
INSERT INTO `el_paper_qu_answer` VALUES ('4ee4a4c6-fbe5-424f-b4b1-99a2bf825967', '1664471465052889089', '1587622643563859971', '1587622643551277058', 0, 0, 2, 'C');
INSERT INTO `el_paper_qu_answer` VALUES ('4f2c1c02-f62d-4a07-89ac-d573be6eb4a4', '1664995583988936705', '1587622643903598596', '1587622643895209985', 1, 0, 4, 'E');
INSERT INTO `el_paper_qu_answer` VALUES ('4f877b78-63a4-4e7b-a14a-7ff47814e900', '1665195278128467969', '1587622643832295426', '1587622643823906818', 1, 0, 0, 'A');
INSERT INTO `el_paper_qu_answer` VALUES ('5088a02e-5d7b-47ec-8db1-7a4ab62f44d3', '1665189132227313665', '1587622642649501697', '1587622642641113089', 0, 0, 1, 'B');
INSERT INTO `el_paper_qu_answer` VALUES ('519353b5-7ec2-40a1-8ff1-5edf8b4275bd', '1665189132227313665', '1587622643404476418', '1587622643396087810', 0, 0, 3, 'D');
INSERT INTO `el_paper_qu_answer` VALUES ('521a4e9c-f9a0-4bc0-ab99-043003c27110', '1665214122066767874', '1587622642569809924', '1587622642557227009', 0, 0, 1, 'B');
INSERT INTO `el_paper_qu_answer` VALUES ('53db3302-4610-4444-b294-316b96cb2237', '1664586199601250305', '1587622642309763073', '1587622642263625729', 0, 0, 1, 'B');
INSERT INTO `el_paper_qu_answer` VALUES ('54ab0923-bd61-4c62-89fa-4f9d0ac58f91', '1664584697507766273', '1587622644369166338', '1587622644356583425', 0, 0, 0, 'A');
INSERT INTO `el_paper_qu_answer` VALUES ('55e73177-9bde-4dae-8127-2be6cbfdbe3f', '1664471465052889089', '1587622642490118149', '1587622642473340930', 0, 0, 4, 'E');
INSERT INTO `el_paper_qu_answer` VALUES ('56a542c3-7d73-49a5-b60b-6e2c31ff044f', '1665191356508667906', '1664594081185005570', '1587622643760992258', 1, 0, 1, 'B');
INSERT INTO `el_paper_qu_answer` VALUES ('56ae2930-cf2c-41d5-9eb7-2de5e4493ff9', '1664584888143077377', '1587622642649501699', '1587622642641113089', 1, 0, 1, 'B');
INSERT INTO `el_paper_qu_answer` VALUES ('56c26705-e26e-4e1a-abdb-db513d81496c', '1665187182945501186', '1587622643182178308', '1587622643173789698', 0, 0, 2, 'C');
INSERT INTO `el_paper_qu_answer` VALUES ('56c59445-feea-4117-9c52-f28e0e6da45f', '1664588318068703234', '1587622643702272003', '1587622643693883394', 0, 0, 3, 'D');
INSERT INTO `el_paper_qu_answer` VALUES ('5702f0ae-d5fa-40af-8343-8c0a687bcc6d', '1664995583988936705', '1587622642846633986', '1587622642838245378', 1, 0, 3, 'D');
INSERT INTO `el_paper_qu_answer` VALUES ('575cd68f-eb92-4cfc-a877-d4ae3fc02cbf', '1665185422046658562', '1587622643324784644', '1587622643312201730', 1, 0, 3, 'D');
INSERT INTO `el_paper_qu_answer` VALUES ('57682f5f-55cf-45b7-9442-e1debf55db58', '1665191356508667906', '1587622644058787842', '1587622644054593538', 0, 1, 1, 'B');
INSERT INTO `el_paper_qu_answer` VALUES ('5844e3ea-46ac-4338-8a80-2260ec193027', '1665187182945501186', '1587622643182178306', '1587622643173789698', 0, 0, 0, 'A');
INSERT INTO `el_paper_qu_answer` VALUES ('58603991-3210-4b53-a476-8823d4fbf9e5', '1664584888143077377', '1587622643324784643', '1587622643312201730', 0, 0, 3, 'D');
INSERT INTO `el_paper_qu_answer` VALUES ('58d5391e-cfed-419d-ad55-75049dfc8531', '1664588318068703234', '1587622643047960579', '1587622643039571970', 1, 0, 2, 'C');
INSERT INTO `el_paper_qu_answer` VALUES ('595ebb47-714a-4fba-9745-62b64a3b62db', '1665195278128467969', '1587622643769380867', '1587622643760992258', 1, 0, 1, 'B');
INSERT INTO `el_paper_qu_answer` VALUES ('5a2dddd3-cb1c-4988-99fa-f1ca68cec705', '1665185422046658562', '1587622643324784643', '1587622643312201730', 0, 0, 0, 'A');
INSERT INTO `el_paper_qu_answer` VALUES ('5a97e0a9-521c-4a29-b4a6-f7fac82dc4eb', '1665191356508667906', '1587622642569809924', '1587622642557227009', 0, 0, 1, 'B');
INSERT INTO `el_paper_qu_answer` VALUES ('5ab37119-5926-440e-abbd-cc7a019618c2', '1665187182945501186', '1587622643832295428', '1587622643823906818', 1, 0, 1, 'B');
INSERT INTO `el_paper_qu_answer` VALUES ('5b096011-4a27-43f4-9e3e-1389ff1fdc5e', '1664584888143077377', '1587622642649501698', '1587622642641113089', 0, 0, 2, 'C');
INSERT INTO `el_paper_qu_answer` VALUES ('5b3de97a-aab1-462c-a6da-c900803bf3ea', '1664584697507766273', '1587622643987484674', '1587622643979096066', 0, 0, 0, 'A');
INSERT INTO `el_paper_qu_answer` VALUES ('5c4b09ae-3b2b-46f4-aeae-c555cb3d1a2a', '1665189132227313665', '1587622644289474563', '1587622644281085953', 1, 0, 0, 'A');
INSERT INTO `el_paper_qu_answer` VALUES ('5d7a8673-1603-4fcd-a879-9c062e3f7316', '1664584697507766273', '1587622643324784643', '1587622643312201730', 0, 0, 1, 'B');
INSERT INTO `el_paper_qu_answer` VALUES ('5d99f4e3-25c9-4e3c-96dc-51982a45289e', '1665189132227313665', '1587622643404476419', '1587622643396087810', 0, 0, 1, 'B');
INSERT INTO `el_paper_qu_answer` VALUES ('5da35f44-d34f-4c95-8b33-3efe403e64b7', '1664584888143077377', '1587622643639357441', '1587622643626774530', 0, 0, 2, 'C');
INSERT INTO `el_paper_qu_answer` VALUES ('5e631e96-8048-4bda-892e-c6af3ffdac8a', '1664471465052889089', '1587622644209782787', '1587622644201394178', 1, 0, 1, 'B');
INSERT INTO `el_paper_qu_answer` VALUES ('5f6a55eb-013e-44f8-8143-b850dd72d676', '1664584888143077377', '1587622644062982146', '1587622644054593538', 1, 0, 1, 'B');
INSERT INTO `el_paper_qu_answer` VALUES ('5f84049b-401f-4503-b840-a6e9d9dcdc8d', '1664995583988936705', '1587622643903598597', '1587622643895209985', 1, 0, 3, 'D');
INSERT INTO `el_paper_qu_answer` VALUES ('5fa8f8d0-e78a-4a5d-b21a-d8dc5ab34083', '1664995583988936705', '1587622642402037761', '1587622642393649153', 0, 0, 1, 'B');
INSERT INTO `el_paper_qu_answer` VALUES ('604dc88f-7c11-4049-8376-040ad13ff6dd', '1664584697507766273', '1587622642490118146', '1587622642473340930', 0, 0, 1, 'B');
INSERT INTO `el_paper_qu_answer` VALUES ('608a3a90-fbfc-4ff8-b3f1-01f99a0e1dbd', '1665191356508667906', '1587622643324784642', '1587622643312201730', 0, 1, 2, 'C');
INSERT INTO `el_paper_qu_answer` VALUES ('60ac2286-99d9-41cd-840e-3638ef4be69a', '1664471465052889089', '1587622644209782786', '1587622644201394178', 0, 1, 0, 'A');
INSERT INTO `el_paper_qu_answer` VALUES ('6133776a-77d8-4761-82dd-07104625dc18', '1664586199601250305', '1587622643765186561', '1587622643760992258', 1, 0, 2, 'C');
INSERT INTO `el_paper_qu_answer` VALUES ('6214d8ba-1137-4ae2-ac50-e259607067bb', '1665187182945501186', '1587622644058787842', '1587622644054593538', 0, 0, 0, 'A');
INSERT INTO `el_paper_qu_answer` VALUES ('62e3c9ad-4fef-4242-9af8-8f1235717260', '1664588318068703234', '1587622644142673922', '1587622644134285314', 0, 0, 0, 'A');
INSERT INTO `el_paper_qu_answer` VALUES ('6332762e-ee03-4642-b5c9-677b5f8c0fd4', '1664995583988936705', '1587622643253481475', '1587622643240898561', 0, 0, 0, 'A');
INSERT INTO `el_paper_qu_answer` VALUES ('6359a465-badd-483b-bf81-65dd25642302', '1664471465052889089', '1587622643182178305', '1587622643173789698', 0, 0, 3, 'D');
INSERT INTO `el_paper_qu_answer` VALUES ('64ab6e8a-fd61-4147-88a4-ab5cd038dc87', '1665191356508667906', '1587622643832295428', '1587622643823906818', 1, 0, 1, 'B');
INSERT INTO `el_paper_qu_answer` VALUES ('654d97ea-3c49-4605-8d03-9de744dcd9f8', '1665214122066767874', '1587622642402037761', '1587622642393649153', 0, 0, 0, 'A');
INSERT INTO `el_paper_qu_answer` VALUES ('65ba961b-f013-4b65-84c4-18fc3f968d81', '1665185422046658562', '1587622642649501697', '1587622642641113089', 0, 0, 3, 'D');
INSERT INTO `el_paper_qu_answer` VALUES ('6623b541-e473-4d1b-8d52-130fb992abab', '1664584888143077377', '1587622644209782786', '1587622644201394178', 0, 0, 0, 'A');
INSERT INTO `el_paper_qu_answer` VALUES ('669fa22b-e2ec-41b0-bb32-d54da9a31347', '1665191356508667906', '1587622643769380866', '1587622643760992258', 1, 1, 3, 'D');
INSERT INTO `el_paper_qu_answer` VALUES ('67e95f13-0d49-46aa-95a3-c674c3f9d166', '1664584697507766273', '1587622642846633988', '1587622642838245378', 0, 0, 3, 'D');
INSERT INTO `el_paper_qu_answer` VALUES ('696d4dfc-f98b-4dc2-a2d4-261d855544a6', '1665185422046658562', '1587622642318151681', '1587622642263625729', 1, 0, 2, 'C');
INSERT INTO `el_paper_qu_answer` VALUES ('697c5171-a1d6-420f-80e7-7919437bd854', '1664471465052889089', '1587622643324784645', '1587622643312201730', 0, 0, 3, 'D');
INSERT INTO `el_paper_qu_answer` VALUES ('6998d939-5e21-4c62-82a1-e9369a86755e', '1665189132227313665', '1664594708652883969', '1587622643693883394', 0, 0, 4, 'E');
INSERT INTO `el_paper_qu_answer` VALUES ('6c1ec276-bb47-400b-bb55-dd32cae374a5', '1665185422046658562', '1587622643324784645', '1587622643312201730', 0, 1, 1, 'B');
INSERT INTO `el_paper_qu_answer` VALUES ('6c7ceacc-1b67-4159-8fdf-4e6712d49036', '1664588318068703234', '1587622642771136513', '1587622642762747906', 1, 0, 2, 'C');
INSERT INTO `el_paper_qu_answer` VALUES ('6ce26d55-9248-4dfe-9af2-6a193808d1fe', '1664584888143077377', '1587622643635163138', '1587622643626774530', 1, 0, 0, 'A');
INSERT INTO `el_paper_qu_answer` VALUES ('6ce530b4-5980-4558-a71d-a21e7738a5a1', '1665187182945501186', '1587622643639357443', '1587622643626774530', 0, 0, 0, 'A');
INSERT INTO `el_paper_qu_answer` VALUES ('6d135c65-10f3-4a00-ae35-d95aa09bbb20', '1664584888143077377', '1587622642846633987', '1587622642838245378', 1, 0, 0, 'A');
INSERT INTO `el_paper_qu_answer` VALUES ('6e764946-111c-4e1e-862f-613263162653', '1664584697507766273', '1587622642846633985', '1587622642838245378', 1, 0, 1, 'B');
INSERT INTO `el_paper_qu_answer` VALUES ('6f03090d-0695-4cf3-885b-8d8398760f21', '1665189132227313665', '1587622643702272003', '1587622643693883394', 1, 0, 1, 'B');
INSERT INTO `el_paper_qu_answer` VALUES ('6f41fc3d-4825-41f6-b747-fd06fb5eb508', '1664584697507766273', '1587622643769380865', '1587622643760992258', 1, 0, 1, 'B');
INSERT INTO `el_paper_qu_answer` VALUES ('6fbeb22e-a521-4f8a-b040-2c95e663565a', '1664995583988936705', '1587622643253481476', '1587622643240898561', 0, 0, 1, 'B');
INSERT INTO `el_paper_qu_answer` VALUES ('7069f40d-c600-4afe-9240-9389f9e90068', '1664588318068703234', '1587622642569809924', '1587622642557227009', 0, 0, 2, 'C');
INSERT INTO `el_paper_qu_answer` VALUES ('70a9d507-e716-4e29-845a-79a1eb3ba2a3', '1664584697507766273', '1587622643182178305', '1587622643173789698', 0, 0, 0, 'A');
INSERT INTO `el_paper_qu_answer` VALUES ('71bb925a-da14-4098-b7f9-5dfc0d26199b', '1664588318068703234', '1587622643702272002', '1587622643693883394', 1, 0, 2, 'C');
INSERT INTO `el_paper_qu_answer` VALUES ('71c32f84-e84b-4b7b-b5b3-a0df16b07ff9', '1665187182945501186', '1587622643702272004', '1587622643693883394', 0, 0, 4, 'E');
INSERT INTO `el_paper_qu_answer` VALUES ('72619aba-07ad-41e9-abfa-a6f8fc17ccac', '1665191356508667906', '1587622643639357443', '1587622643626774530', 0, 0, 2, 'C');
INSERT INTO `el_paper_qu_answer` VALUES ('7320023c-1e94-489b-a270-8312a35cfaba', '1664584697507766273', '1587622643769380866', '1587622643760992258', 0, 0, 0, 'A');
INSERT INTO `el_paper_qu_answer` VALUES ('73fac832-1f5a-49ac-904e-46ac27bb5c8f', '1665191356508667906', '1587622643903598594', '1587622643895209985', 1, 0, 0, 'A');
INSERT INTO `el_paper_qu_answer` VALUES ('74ccda43-21a1-463a-a052-d9f83f67cecf', '1664586199601250305', '1587622643324784645', '1587622643312201730', 0, 0, 0, 'A');
INSERT INTO `el_paper_qu_answer` VALUES ('7526141b-8c15-4ac5-be5b-119d71bcae1a', '1665214122066767874', '1587622643563859973', '1587622643551277058', 0, 0, 0, 'A');
INSERT INTO `el_paper_qu_answer` VALUES ('75f6d262-2f47-4b00-b781-d5e171b85c2c', '1665187182945501186', '1587622644364972034', '1587622644356583425', 0, 0, 0, 'A');
INSERT INTO `el_paper_qu_answer` VALUES ('76402756-a5e7-419d-b9ec-33ef718ef2ff', '1664584888143077377', '1587622643563859970', '1587622643551277058', 0, 0, 3, 'D');
INSERT INTO `el_paper_qu_answer` VALUES ('76b8d0a4-dc49-4214-893f-67d2fcc939b8', '1665191356508667906', '1587622644209782786', '1587622644201394178', 1, 1, 0, 'A');
INSERT INTO `el_paper_qu_answer` VALUES ('782eddd8-ec45-4e7a-b83a-b4f1b7a643f3', '1664586199601250305', '1587622642318151681', '1587622642263625729', 0, 0, 4, 'E');
INSERT INTO `el_paper_qu_answer` VALUES ('78a90b6f-909e-4985-8a83-8f10b693fb08', '1665187182945501186', '1664594708652883969', '1587622643693883394', 0, 0, 2, 'C');
INSERT INTO `el_paper_qu_answer` VALUES ('78d70878-46f2-48ee-a136-ac930b87535e', '1665195278128467969', '1587622643832295429', '1587622643823906818', 1, 0, 1, 'B');
INSERT INTO `el_paper_qu_answer` VALUES ('7932d87f-2a6b-4431-893a-fbba462c25dd', '1665214122066767874', '1587622643832295426', '1587622643823906818', 1, 0, 2, 'C');
INSERT INTO `el_paper_qu_answer` VALUES ('796c0f7a-cc9e-4e82-9db0-97f004e4cfba', '1664588318068703234', '1587622642490118145', '1587622642473340930', 0, 0, 1, 'B');
INSERT INTO `el_paper_qu_answer` VALUES ('79c0e0d9-808b-467b-9d98-a8d2e94b47a7', '1665195278128467969', '1664594081185005570', '1587622643760992258', 1, 0, 2, 'C');
INSERT INTO `el_paper_qu_answer` VALUES ('7b1ed554-5752-4364-b4b0-1b93cb1916f2', '1665191356508667906', '1587622643769380867', '1587622643760992258', 1, 0, 0, 'A');
INSERT INTO `el_paper_qu_answer` VALUES ('7b446842-96cb-47c8-8136-bda497bc4ee9', '1664995583988936705', '1587622642649501698', '1587622642641113089', 0, 0, 2, 'C');
INSERT INTO `el_paper_qu_answer` VALUES ('7e51a15c-8134-45c2-b65f-3ea329ae65df', '1665187182945501186', '1587622644062982146', '1587622644054593538', 1, 0, 1, 'B');
INSERT INTO `el_paper_qu_answer` VALUES ('7fc47c7f-c52e-4c15-9e07-9103b92bd841', '1664586199601250305', '1587622642846633988', '1587622642838245378', 0, 0, 3, 'D');
INSERT INTO `el_paper_qu_answer` VALUES ('7fd59292-93f5-43e9-a812-f5b006f61e9a', '1664995583988936705', '1587622643404476417', '1587622643396087810', 1, 0, 3, 'D');
INSERT INTO `el_paper_qu_answer` VALUES ('80895284-0236-4013-96d9-809ced89cbba', '1664586199601250305', '1587622643324784642', '1587622643312201730', 0, 0, 2, 'C');
INSERT INTO `el_paper_qu_answer` VALUES ('8311b18a-9d01-4f80-bba3-de51e35635c1', '1664471465052889089', '1587622642402037763', '1587622642393649153', 0, 0, 2, 'C');
INSERT INTO `el_paper_qu_answer` VALUES ('83693c4e-f1a0-4f90-a656-1709962a0f6e', '1665185422046658562', '1587622642989240321', '1587622642976657410', 0, 0, 0, 'A');
INSERT INTO `el_paper_qu_answer` VALUES ('83afc512-b988-4ed3-b2d0-37a3ac5da1f0', '1664588318068703234', '1587622642775330820', '1587622642762747906', 0, 0, 0, 'A');
INSERT INTO `el_paper_qu_answer` VALUES ('83b87464-632a-44e3-845d-15627792aa32', '1665189132227313665', '1587622643404476417', '1587622643396087810', 1, 0, 2, 'C');
INSERT INTO `el_paper_qu_answer` VALUES ('8406cf0b-dd74-475d-b9eb-cb1d86156fe6', '1665189132227313665', '1587622642649501700', '1587622642641113089', 1, 1, 3, 'D');
INSERT INTO `el_paper_qu_answer` VALUES ('84cb37da-85c1-4128-9ecb-50d3657db37c', '1665187182945501186', '1587622643639357442', '1587622643626774530', 0, 0, 2, 'C');
INSERT INTO `el_paper_qu_answer` VALUES ('856486f5-ff9c-4da4-b0cf-ccf70c174259', '1664584697507766273', '1587622642846633986', '1587622642838245378', 1, 0, 2, 'C');
INSERT INTO `el_paper_qu_answer` VALUES ('85e60224-b0d6-40f2-97ab-ebfaec69c5b1', '1665185422046658562', '1587622643479973890', '1587622643467390977', 0, 0, 1, 'B');
INSERT INTO `el_paper_qu_answer` VALUES ('85f12e8c-5e0b-4236-9dc9-810f2fd17c37', '1665189132227313665', '1587622642649501698', '1587622642641113089', 0, 0, 2, 'C');
INSERT INTO `el_paper_qu_answer` VALUES ('8659441b-8c99-4883-b1ae-d00ca21ccc87', '1665191356508667906', '1587622643563859973', '1587622643551277058', 0, 0, 0, 'A');
INSERT INTO `el_paper_qu_answer` VALUES ('87e14bff-6bf4-4652-aebb-34853ab96621', '1664588318068703234', '1587622642569809925', '1587622642557227009', 0, 0, 4, 'E');
INSERT INTO `el_paper_qu_answer` VALUES ('88ca0bae-c94f-4d98-8997-78168ca3609a', '1664588318068703234', '1664584674678169602', '1664584674548146178', 0, 0, 0, 'A');
INSERT INTO `el_paper_qu_answer` VALUES ('88ddc6b8-3dd1-47a5-844f-4d57d407a405', '1664584888143077377', '1587622642569809926', '1587622642557227009', 0, 0, 2, 'C');
INSERT INTO `el_paper_qu_answer` VALUES ('8973f421-643b-49f4-8c6d-745f18010e7d', '1665187182945501186', '1587622643832295429', '1587622643823906818', 1, 0, 2, 'C');
INSERT INTO `el_paper_qu_answer` VALUES ('8b2cedf9-f9cf-4d35-b9f0-7796be0e3e74', '1665195278128467969', '1587622644364972034', '1587622644356583425', 0, 0, 3, 'D');
INSERT INTO `el_paper_qu_answer` VALUES ('8b63a68c-8104-41a9-94ee-9e86b582a49c', '1664995583988936705', '1587622642402037763', '1587622642393649153', 0, 0, 3, 'D');
INSERT INTO `el_paper_qu_answer` VALUES ('8b971040-8047-43fa-bf27-2234f26ccb00', '1664588318068703234', '1587622643404476420', '1587622643396087810', 0, 0, 0, 'A');
INSERT INTO `el_paper_qu_answer` VALUES ('8bfe466a-e1bc-44ec-978f-47196c43b837', '1664588318068703234', '1587622642569809922', '1587622642557227009', 1, 0, 0, 'A');
INSERT INTO `el_paper_qu_answer` VALUES ('8c639ae4-0cfe-47d1-b11c-14fda57268f6', '1665195278128467969', '1587622643832295427', '1587622643823906818', 1, 0, 3, 'D');
INSERT INTO `el_paper_qu_answer` VALUES ('8cc4daba-939e-4780-9b8a-0a748b5f4a97', '1664584697507766273', '1587622642490118148', '1587622642473340930', 0, 0, 3, 'D');
INSERT INTO `el_paper_qu_answer` VALUES ('8d6e0e4e-f840-4e85-88f2-3a4f31e73b6e', '1665185422046658562', '1587622644062982146', '1587622644054593538', 1, 0, 1, 'B');
INSERT INTO `el_paper_qu_answer` VALUES ('8d7d3cfb-8aad-47c9-a05d-849efa2204ce', '1665191356508667906', '1664593753593085954', '1587622643895209985', 1, 1, 3, 'D');
INSERT INTO `el_paper_qu_answer` VALUES ('8f1b326c-a287-481b-8f7c-2859941375ab', '1664995583988936705', '1587622643903598594', '1587622643895209985', 1, 1, 2, 'C');
INSERT INTO `el_paper_qu_answer` VALUES ('8f9bbc6a-52ff-411b-81ea-7657c4ec14da', '1664588318068703234', '1587622642490118148', '1587622642473340930', 0, 0, 3, 'D');
INSERT INTO `el_paper_qu_answer` VALUES ('9011e3a5-613b-457c-bdf5-f4418bed4cb6', '1665187182945501186', '1587622643983290369', '1587622643979096066', 1, 0, 0, 'A');
INSERT INTO `el_paper_qu_answer` VALUES ('913cb5c1-44ef-49e2-bf17-5b22ab7a77ac', '1665195278128467969', '1587622642846633986', '1587622642838245378', 1, 1, 3, 'D');
INSERT INTO `el_paper_qu_answer` VALUES ('92c5572f-b926-4866-98a3-af3407287bc2', '1664588318068703234', '1587622642569809923', '1587622642557227009', 0, 0, 3, 'D');
INSERT INTO `el_paper_qu_answer` VALUES ('936f4622-de1b-461c-ac3a-77099cf2f9ec', '1665189132227313665', '1587622644209782786', '1587622644201394178', 1, 0, 1, 'B');
INSERT INTO `el_paper_qu_answer` VALUES ('94464d36-d4ea-4486-be92-15b0dd7fc66f', '1664584888143077377', '1587622642846633986', '1587622642838245378', 1, 0, 3, 'D');
INSERT INTO `el_paper_qu_answer` VALUES ('95b3a646-fe19-4168-8a8e-85616df8ae0b', '1665185422046658562', '1587622642318151682', '1587622642263625729', 0, 0, 1, 'B');
INSERT INTO `el_paper_qu_answer` VALUES ('95c32c07-7936-4d09-ade8-ac633c9e6f2e', '1665191356508667906', '1587622643903598597', '1587622643895209985', 1, 0, 1, 'B');
INSERT INTO `el_paper_qu_answer` VALUES ('96984c00-2b02-4f9b-b184-91682ab72415', '1665191356508667906', '1587622642569809925', '1587622642557227009', 0, 0, 2, 'C');
INSERT INTO `el_paper_qu_answer` VALUES ('96ff438b-86bc-47e1-a3a6-7673ae133b17', '1665191356508667906', '1587622643832295426', '1587622643823906818', 1, 1, 2, 'C');
INSERT INTO `el_paper_qu_answer` VALUES ('9721a174-d608-44a2-bb07-177ae909efae', '1665185422046658562', '1587622643479973891', '1587622643467390977', 1, 0, 2, 'C');
INSERT INTO `el_paper_qu_answer` VALUES ('973fe706-64ce-4222-991e-ff003c5b11cf', '1665214122066767874', '1664594708652883969', '1587622643693883394', 0, 0, 4, 'E');
INSERT INTO `el_paper_qu_answer` VALUES ('982b1a94-4b6b-4148-ab8c-ef29455c8fe4', '1664471465052889089', '1587622642402037765', '1587622642393649153', 0, 0, 1, 'B');
INSERT INTO `el_paper_qu_answer` VALUES ('98792a5c-3bcf-474a-8f51-e199c616ea35', '1665189132227313665', '1587622642318151681', '1587622642263625729', 1, 0, 1, 'B');
INSERT INTO `el_paper_qu_answer` VALUES ('99f18796-aff0-4883-b6f2-8505bdad98a4', '1664471465052889089', '1587622642490118146', '1587622642473340930', 0, 0, 2, 'C');
INSERT INTO `el_paper_qu_answer` VALUES ('9a7e5ebd-5c10-4545-bd05-8321d4a89522', '1665191356508667906', '1587622643563859970', '1587622643551277058', 0, 0, 3, 'D');
INSERT INTO `el_paper_qu_answer` VALUES ('9a832cdc-b3ba-4614-bcc4-523e0a10da44', '1664586199601250305', '1587622643052154882', '1587622643039571970', 0, 0, 3, 'D');
INSERT INTO `el_paper_qu_answer` VALUES ('9a91f96b-b30e-4f0c-9cae-3441ec035afc', '1664471465052889089', '1587622643563859970', '1587622643551277058', 0, 1, 1, 'B');
INSERT INTO `el_paper_qu_answer` VALUES ('9b2a42a6-20f2-4b92-925e-573f5c691396', '1664586199601250305', '1587622643832295429', '1587622643823906818', 1, 0, 1, 'B');
INSERT INTO `el_paper_qu_answer` VALUES ('9d44b71b-5682-460e-8ad6-ea4fd8a9d7b5', '1665185422046658562', '1587622643903598594', '1587622643895209985', 1, 0, 3, 'D');
INSERT INTO `el_paper_qu_answer` VALUES ('9e392cfd-0111-48ed-9d27-c5e5754dc05c', '1664995583988936705', '1587622643047960580', '1587622643039571970', 0, 0, 3, 'D');
INSERT INTO `el_paper_qu_answer` VALUES ('9f07e6c1-98d7-4cdd-af9a-d76850c1fc01', '1664586199601250305', '1587622643253481476', '1587622643240898561', 1, 0, 1, 'B');
INSERT INTO `el_paper_qu_answer` VALUES ('9fab5d7e-75c6-44cf-bc0d-afc1fd24c563', '1665187182945501186', '1587622643182178307', '1587622643173789698', 1, 0, 3, 'D');
INSERT INTO `el_paper_qu_answer` VALUES ('a03279b4-574a-4073-8618-c7349e4ad06a', '1665189132227313665', '1587622642846633986', '1587622642838245378', 1, 0, 0, 'A');
INSERT INTO `el_paper_qu_answer` VALUES ('a0d820e6-e787-43f5-96a6-aa09c26f138d', '1664471465052889089', '1587622642775330819', '1587622642762747906', 0, 0, 2, 'C');
INSERT INTO `el_paper_qu_answer` VALUES ('a1a612e7-2e88-4807-9dc7-3a19d45c73e8', '1664584697507766273', '1587622643324784645', '1587622643312201730', 0, 0, 3, 'D');
INSERT INTO `el_paper_qu_answer` VALUES ('a2a1d5e4-9e9c-4e65-a028-b6ff0e40b9ec', '1665191356508667906', '1587622642490118146', '1587622642473340930', 0, 0, 2, 'C');
INSERT INTO `el_paper_qu_answer` VALUES ('a345e4fb-8ce2-45cb-9a63-df61b76646fb', '1664995583988936705', '1587622642649501697', '1587622642641113089', 0, 0, 0, 'A');
INSERT INTO `el_paper_qu_answer` VALUES ('a365b488-3a1b-4636-8114-165293075c20', '1664588318068703234', '1587622643702272001', '1587622643693883394', 1, 0, 0, 'A');
INSERT INTO `el_paper_qu_answer` VALUES ('a47b00bd-d668-4378-901a-2800d51884c1', '1664995583988936705', '1587622643702272002', '1587622643693883394', 1, 0, 0, 'A');
INSERT INTO `el_paper_qu_answer` VALUES ('a4e7e741-dacf-438d-b766-7decabd7c8b5', '1664584888143077377', '1587622643702272004', '1587622643693883394', 1, 0, 3, 'D');
INSERT INTO `el_paper_qu_answer` VALUES ('a5ba9a69-fa76-4e01-8b6b-32a92e06e611', '1664584697507766273', '1587622643983290369', '1587622643979096066', 1, 0, 1, 'B');
INSERT INTO `el_paper_qu_answer` VALUES ('a5f02681-232d-4c9f-8b40-8ffb86b17514', '1664588318068703234', '1587622643832295430', '1587622643823906818', 1, 0, 1, 'B');
INSERT INTO `el_paper_qu_answer` VALUES ('a602a76f-1648-4cb8-bd49-d1d1d3bdab84', '1664588318068703234', '1587622643702272004', '1587622643693883394', 1, 0, 1, 'B');
INSERT INTO `el_paper_qu_answer` VALUES ('a6b160d2-2068-4e64-b406-91c5c1bc84d2', '1665185422046658562', '1587622642318151683', '1587622642263625729', 0, 0, 3, 'D');
INSERT INTO `el_paper_qu_answer` VALUES ('a6dfb9ae-8615-4a80-a203-7ab0d27be522', '1665185422046658562', '1587622644364972034', '1587622644356583425', 0, 0, 3, 'D');
INSERT INTO `el_paper_qu_answer` VALUES ('a711fc39-bf52-4b51-84aa-0ebeca581b74', '1664586199601250305', '1587622643769380865', '1587622643760992258', 1, 0, 3, 'D');
INSERT INTO `el_paper_qu_answer` VALUES ('a7ba29cc-7ed7-422c-824d-11f698cef596', '1664586199601250305', '1587622642846633985', '1587622642838245378', 1, 1, 1, 'B');
INSERT INTO `el_paper_qu_answer` VALUES ('a7fb83f2-cf5e-4bdd-8ae0-1646a541c07e', '1665195278128467969', '1587622644369166338', '1587622644356583425', 0, 0, 0, 'A');
INSERT INTO `el_paper_qu_answer` VALUES ('a7fefe24-8f6f-4633-bab0-dd8b2a11a70c', '1664586199601250305', '1587622643253481474', '1587622643240898561', 0, 0, 3, 'D');
INSERT INTO `el_paper_qu_answer` VALUES ('a97bdb87-e136-4dbf-9bb1-e5c195129c60', '1665195278128467969', '1587622643769380865', '1587622643760992258', 1, 0, 0, 'A');
INSERT INTO `el_paper_qu_answer` VALUES ('a9ed4d34-c32f-434f-8043-e8723df08377', '1664471465052889089', '1587622643987484674', '1587622643979096066', 0, 1, 0, 'A');
INSERT INTO `el_paper_qu_answer` VALUES ('ab4b6754-9f15-42d1-8846-57414234651c', '1665189132227313665', '1587622644209782787', '1587622644201394178', 0, 0, 0, 'A');
INSERT INTO `el_paper_qu_answer` VALUES ('ab74ca39-35a1-4026-b4c2-abf55230c8d1', '1665185422046658562', '1587622642309763073', '1587622642263625729', 0, 0, 0, 'A');
INSERT INTO `el_paper_qu_answer` VALUES ('abd9fbf0-f6f1-4c78-b40d-8229cd6cae85', '1664584888143077377', '1587622643324784642', '1587622643312201730', 0, 0, 0, 'A');
INSERT INTO `el_paper_qu_answer` VALUES ('ac95f521-fe4e-40f2-bdfb-a4686695a50c', '1665195278128467969', '1587622642569809924', '1587622642557227009', 0, 0, 2, 'C');
INSERT INTO `el_paper_qu_answer` VALUES ('af2cf1c6-c9d5-4b2b-9b19-c6469d1608c0', '1665195278128467969', '1587622642569809923', '1587622642557227009', 1, 0, 3, 'D');
INSERT INTO `el_paper_qu_answer` VALUES ('afc43695-7ed0-4beb-bc82-a3db09c04b65', '1665185422046658562', '1587622643903598596', '1587622643895209985', 1, 1, 2, 'C');
INSERT INTO `el_paper_qu_answer` VALUES ('b03e9492-c93a-4b99-aae1-08642a532400', '1665214122066767874', '1587622642708221953', '1587622642699833345', 1, 0, 1, 'B');
INSERT INTO `el_paper_qu_answer` VALUES ('b055cbdd-5b82-4cb5-829c-e85b3e82ecfc', '1664588318068703234', '1587622642708221956', '1587622642699833345', 0, 0, 3, 'D');
INSERT INTO `el_paper_qu_answer` VALUES ('b05d55de-dad3-4ded-9854-2878bd9cd7b9', '1665214122066767874', '1587622642402037764', '1587622642393649153', 1, 0, 2, 'C');
INSERT INTO `el_paper_qu_answer` VALUES ('b0af44ea-e9fd-41df-8a85-99f7cba1fd41', '1664588318068703234', '1587622642708221954', '1587622642699833345', 0, 0, 2, 'C');
INSERT INTO `el_paper_qu_answer` VALUES ('b12fea37-5709-4117-8bb4-c0ccd0af87b5', '1664995583988936705', '1587622643903598595', '1587622643895209985', 1, 0, 0, 'A');
INSERT INTO `el_paper_qu_answer` VALUES ('b180cf07-c32f-43a6-ac63-451cd389d27d', '1664584697507766273', '1587622643182178306', '1587622643173789698', 0, 0, 2, 'C');
INSERT INTO `el_paper_qu_answer` VALUES ('b1d6fe13-ed0f-4df9-b9c1-ed66895816a2', '1665214122066767874', '1587622643903598596', '1587622643895209985', 1, 0, 1, 'B');
INSERT INTO `el_paper_qu_answer` VALUES ('b30f4bd9-2474-41e6-9827-b4e444249b40', '1664584697507766273', '1587622643832295430', '1587622643823906818', 1, 0, 3, 'D');
INSERT INTO `el_paper_qu_answer` VALUES ('b4355f96-cd1e-488f-90d2-4ae3bb11839c', '1665214122066767874', '1587622643563859970', '1587622643551277058', 0, 0, 3, 'D');
INSERT INTO `el_paper_qu_answer` VALUES ('b4bb0239-87eb-4fe2-a421-1fe63f043bd6', '1664584697507766273', '1587622644364972035', '1587622644356583425', 0, 0, 2, 'C');
INSERT INTO `el_paper_qu_answer` VALUES ('b4f4e326-1624-4e17-aedd-0decf8c51eda', '1664586199601250305', '1587622643769380866', '1587622643760992258', 0, 0, 1, 'B');
INSERT INTO `el_paper_qu_answer` VALUES ('b4fe3673-eb7e-40ad-95b6-18140dcfd4d9', '1664471465052889089', '1587622642490118147', '1587622642473340930', 1, 1, 3, 'D');
INSERT INTO `el_paper_qu_answer` VALUES ('b52270cb-85c9-47ca-8b3b-270eebf7e93c', '1664995583988936705', '1587622644289474563', '1587622644281085953', 1, 0, 1, 'B');
INSERT INTO `el_paper_qu_answer` VALUES ('b5e10fa6-1859-4bab-9a87-e9e1f09df81c', '1665195278128467969', '1587622642318151683', '1587622642263625729', 0, 1, 2, 'C');
INSERT INTO `el_paper_qu_answer` VALUES ('b5fa5b84-84c6-4aeb-af3e-e34719b89e9f', '1665189132227313665', '1587622642846633988', '1587622642838245378', 0, 0, 1, 'B');
INSERT INTO `el_paper_qu_answer` VALUES ('b749e5fb-6653-499a-b00d-a717a11f1bf2', '1665214122066767874', '1587622643702272003', '1587622643693883394', 1, 0, 0, 'A');
INSERT INTO `el_paper_qu_answer` VALUES ('b760671f-5e0c-4ce5-b632-97b17cbae2f4', '1664588318068703234', '1587622644289474562', '1587622644281085953', 1, 0, 0, 'A');
INSERT INTO `el_paper_qu_answer` VALUES ('b7f11d8e-a650-4367-9298-39144209f802', '1665214122066767874', '1587622643832295427', '1587622643823906818', 1, 0, 0, 'A');
INSERT INTO `el_paper_qu_answer` VALUES ('b80d6f10-8854-4107-a07a-ea346c833c8c', '1665195278128467969', '1587622642846633987', '1587622642838245378', 1, 0, 1, 'B');
INSERT INTO `el_paper_qu_answer` VALUES ('b859f80e-501e-40ce-894d-a9713609a388', '1665214122066767874', '1587622642985046018', '1587622642976657410', 1, 0, 0, 'A');
INSERT INTO `el_paper_qu_answer` VALUES ('b8b62d0e-32a6-4451-aad5-e659501d81cf', '1665189132227313665', '1587622642708221953', '1587622642699833345', 1, 0, 3, 'D');
INSERT INTO `el_paper_qu_answer` VALUES ('b8ce0758-7f83-4b8c-9651-3e201e0653cd', '1665185422046658562', '1587622643903598595', '1587622643895209985', 1, 0, 4, 'E');
INSERT INTO `el_paper_qu_answer` VALUES ('b9d62d31-f704-42a6-9d50-9d11440b85a7', '1665189132227313665', '1587622642846633987', '1587622642838245378', 1, 0, 2, 'C');
INSERT INTO `el_paper_qu_answer` VALUES ('ba4384f6-d959-40be-aee5-9cdda22f0df8', '1664471465052889089', '1587622643324784642', '1587622643312201730', 0, 0, 2, 'C');
INSERT INTO `el_paper_qu_answer` VALUES ('baf3bf2a-db79-4fa6-b9be-108ef88ba633', '1665187182945501186', '1587622642402037761', '1587622642393649153', 0, 0, 3, 'D');
INSERT INTO `el_paper_qu_answer` VALUES ('bb16e532-4e71-4071-90cf-58706935a47e', '1665191356508667906', '1587622643635163138', '1587622643626774530', 1, 0, 0, 'A');
INSERT INTO `el_paper_qu_answer` VALUES ('bb83cf14-0cc7-4205-a07a-9745ba28caae', '1665195278128467969', '1587622642846633988', '1587622642838245378', 0, 1, 2, 'C');
INSERT INTO `el_paper_qu_answer` VALUES ('bc4eafe5-fd91-408e-8850-ebc8e3d6b55f', '1664471465052889089', '1587622642846633987', '1587622642838245378', 1, 1, 2, 'C');
INSERT INTO `el_paper_qu_answer` VALUES ('bc830f85-1b9b-42b7-b86a-8382bae6e34a', '1665214122066767874', '1587622642569809923', '1587622642557227009', 1, 0, 3, 'D');
INSERT INTO `el_paper_qu_answer` VALUES ('bd579882-97df-4a65-8b51-b59301da6d9f', '1664588318068703234', '1587622643404476419', '1587622643396087810', 0, 0, 3, 'D');
INSERT INTO `el_paper_qu_answer` VALUES ('bfa08f77-67b7-4143-98c0-68f1474472eb', '1664471465052889089', '1587622642775330818', '1587622642762747906', 1, 1, 0, 'A');
INSERT INTO `el_paper_qu_answer` VALUES ('bfc01b1a-1ee3-462d-823d-7f781f9aa9fb', '1664471465052889089', '1587622642846633985', '1587622642838245378', 1, 1, 3, 'D');
INSERT INTO `el_paper_qu_answer` VALUES ('c0d5dfe1-83aa-41b8-9f29-bfac77b5f086', '1664588318068703234', '1587622643404476417', '1587622643396087810', 1, 0, 1, 'B');
INSERT INTO `el_paper_qu_answer` VALUES ('c25f91e9-6b73-495f-b1e0-bb0f4f836335', '1664471465052889089', '1587622642490118145', '1587622642473340930', 0, 0, 0, 'A');
INSERT INTO `el_paper_qu_answer` VALUES ('c5853fbd-942d-43bd-8715-dd1f0ddf366c', '1665187182945501186', '1587622642846633988', '1587622642838245378', 0, 0, 0, 'A');
INSERT INTO `el_paper_qu_answer` VALUES ('c625640d-7236-489b-9691-314f9a99ecda', '1665185422046658562', '1587622643832295429', '1587622643823906818', 1, 0, 0, 'A');
INSERT INTO `el_paper_qu_answer` VALUES ('c67df06a-24bf-4890-97cf-7e75f07e1bbd', '1664471465052889089', '1587622642846633986', '1587622642838245378', 1, 1, 1, 'B');
INSERT INTO `el_paper_qu_answer` VALUES ('c6d1f202-d193-40f7-945b-ffaac7045670', '1664584888143077377', '1587622642569809924', '1587622642557227009', 0, 0, 0, 'A');
INSERT INTO `el_paper_qu_answer` VALUES ('c793f55e-c425-4530-82c7-0161e9779277', '1664995583988936705', '1587622642402037764', '1587622642393649153', 1, 0, 0, 'A');
INSERT INTO `el_paper_qu_answer` VALUES ('c7f77943-956a-4ed5-b1d6-ad7aa9d4cc82', '1664584888143077377', '1587622644209782787', '1587622644201394178', 1, 0, 1, 'B');
INSERT INTO `el_paper_qu_answer` VALUES ('c8d2f86d-eacf-47d0-ba18-c6924861cb6b', '1664586199601250305', '1587622643832295430', '1587622643823906818', 1, 0, 0, 'A');
INSERT INTO `el_paper_qu_answer` VALUES ('c9b7c466-8580-4a6e-87a9-09c535d61b62', '1665185422046658562', '1587622644058787842', '1587622644054593538', 0, 1, 0, 'A');
INSERT INTO `el_paper_qu_answer` VALUES ('cafdd2c6-0afa-4080-8e21-1d1c677086b6', '1664584697507766273', '1587622643253481475', '1587622643240898561', 0, 0, 2, 'C');
INSERT INTO `el_paper_qu_answer` VALUES ('cb53254e-9d22-4d4e-8c5f-1882d54e272a', '1665191356508667906', '1587622642490118147', '1587622642473340930', 0, 1, 3, 'D');
INSERT INTO `el_paper_qu_answer` VALUES ('cb95b2c2-a4dc-4c54-a7dc-9adb5c1c0df7', '1665195278128467969', '1664588237408043010', '1664588237278019585', 0, 0, 0, 'A');
INSERT INTO `el_paper_qu_answer` VALUES ('cc6d9529-d58e-4309-b097-0243c8886aad', '1665214122066767874', '1587622642402037762', '1587622642393649153', 0, 0, 3, 'D');
INSERT INTO `el_paper_qu_answer` VALUES ('ccdd3ec7-8ffc-4292-bad5-491a8ed7fb60', '1665191356508667906', '1587622643903598595', '1587622643895209985', 1, 0, 4, 'E');
INSERT INTO `el_paper_qu_answer` VALUES ('cd67f5c5-b447-4eb9-af52-92aca32f318e', '1665185422046658562', '1587622643479973892', '1587622643467390977', 0, 0, 3, 'D');
INSERT INTO `el_paper_qu_answer` VALUES ('cdfabc06-148b-46d5-947c-dd7bcc436dc2', '1664584697507766273', '1587622643769380867', '1587622643760992258', 0, 0, 3, 'D');
INSERT INTO `el_paper_qu_answer` VALUES ('ce2ac315-da0e-4c6f-b66f-306c7c1dbb9a', '1664586199601250305', '1587622643047960579', '1587622643039571970', 1, 0, 2, 'C');
INSERT INTO `el_paper_qu_answer` VALUES ('ce721b37-d8ef-4b6a-af61-d0258770ab86', '1664995583988936705', '1664593753593085954', '1587622643895209985', 1, 1, 1, 'B');
INSERT INTO `el_paper_qu_answer` VALUES ('cf3ad3c6-7040-4a88-8642-7e2842a7fe2b', '1665214122066767874', '1587622643903598597', '1587622643895209985', 1, 0, 3, 'D');
INSERT INTO `el_paper_qu_answer` VALUES ('cfa2210e-4b34-4fc1-b7c7-6c0f74ade64a', '1665189132227313665', '1587622643702272004', '1587622643693883394', 0, 0, 3, 'D');
INSERT INTO `el_paper_qu_answer` VALUES ('cfdbfed5-83ce-44d5-8b63-09ac01247d24', '1665185422046658562', '1587622642846633987', '1587622642838245378', 1, 0, 3, 'D');
INSERT INTO `el_paper_qu_answer` VALUES ('d01a5706-a6bf-4fc6-83f9-9895251fd0f1', '1664584888143077377', '1664584674678169602', '1664584674548146178', 0, 0, 0, 'A');
INSERT INTO `el_paper_qu_answer` VALUES ('d0e4b181-7f08-4f7c-8fd8-d3c90ac85d22', '1665189132227313665', '1664594910931582978', '1587622642762747906', 0, 0, 3, 'D');
INSERT INTO `el_paper_qu_answer` VALUES ('d107fea6-98e7-474a-b485-1fc825d15ef5', '1665191356508667906', '1587622643324784645', '1587622643312201730', 0, 0, 1, 'B');
INSERT INTO `el_paper_qu_answer` VALUES ('d1736a57-d2be-42d5-8679-398444ceb5ad', '1665214122066767874', '1587622642569809925', '1587622642557227009', 0, 0, 2, 'C');
INSERT INTO `el_paper_qu_answer` VALUES ('d23ce829-afd8-4c85-9b05-500352eb233c', '1665195278128467969', '1587622642569809925', '1587622642557227009', 0, 1, 1, 'B');
INSERT INTO `el_paper_qu_answer` VALUES ('d24caa37-fcff-45cc-9726-24f10dba04b2', '1665195278128467969', '1587622643563859972', '1587622643551277058', 0, 0, 3, 'D');
INSERT INTO `el_paper_qu_answer` VALUES ('d31a30eb-836c-4451-a4b4-adc9dcf567a4', '1665187182945501186', '1587622643832295426', '1587622643823906818', 1, 0, 3, 'D');
INSERT INTO `el_paper_qu_answer` VALUES ('d328cb43-992c-4b25-b755-d050a10817f4', '1665191356508667906', '1587622643639357441', '1587622643626774530', 0, 0, 1, 'B');
INSERT INTO `el_paper_qu_answer` VALUES ('d494e0e8-58fa-4e5c-bde8-754ad28c0643', '1664588318068703234', '1587622642490118146', '1587622642473340930', 0, 0, 4, 'E');
INSERT INTO `el_paper_qu_answer` VALUES ('d53f4170-bed2-4b8f-8899-df452df6715c', '1665189132227313665', '1587622642708221955', '1587622642699833345', 0, 0, 2, 'C');
INSERT INTO `el_paper_qu_answer` VALUES ('d579d824-528d-4628-9ffb-aa0ddd706ebd', '1665185422046658562', '1587622642846633985', '1587622642838245378', 1, 1, 1, 'B');
INSERT INTO `el_paper_qu_answer` VALUES ('d5b7c130-68e3-48d2-a860-3e9c79ce324f', '1664584697507766273', '1587622642490118149', '1587622642473340930', 0, 0, 2, 'C');
INSERT INTO `el_paper_qu_answer` VALUES ('d62d7c43-1e40-44a3-8c88-e8ea1ab207f1', '1664584888143077377', '1587622642569809922', '1587622642557227009', 1, 0, 1, 'B');
INSERT INTO `el_paper_qu_answer` VALUES ('d6ea8d0f-3da8-4114-b81a-de7ddfe34600', '1665187182945501186', '1587622643253481474', '1587622643240898561', 0, 0, 2, 'C');
INSERT INTO `el_paper_qu_answer` VALUES ('d751c496-c864-47d0-8b43-8e688a2e37e7', '1664995583988936705', '1587622643047960578', '1587622643039571970', 0, 0, 0, 'A');
INSERT INTO `el_paper_qu_answer` VALUES ('d756ee06-2ea5-4fa0-b8d9-ddc02a92cc33', '1665214122066767874', '1587622643832295428', '1587622643823906818', 1, 0, 3, 'D');
INSERT INTO `el_paper_qu_answer` VALUES ('d7d6bc8e-f2dd-4495-bbc3-53b84fbef4e7', '1664584697507766273', '1587622643182178308', '1587622643173789698', 0, 0, 3, 'D');
INSERT INTO `el_paper_qu_answer` VALUES ('d7f1d44b-3035-4ad1-9418-2cc160a6a43b', '1665214122066767874', '1587622643182178307', '1587622643173789698', 1, 0, 1, 'B');
INSERT INTO `el_paper_qu_answer` VALUES ('d90e4c43-6e50-410d-95b9-64aad335324c', '1665191356508667906', '1587622643324784644', '1587622643312201730', 1, 0, 3, 'D');
INSERT INTO `el_paper_qu_answer` VALUES ('d93e026b-f6ac-4d59-b6db-a527018b88eb', '1665195278128467969', '1587622642318151682', '1587622642263625729', 0, 0, 1, 'B');
INSERT INTO `el_paper_qu_answer` VALUES ('d9bf714f-32ac-4841-a52d-a9a8a3ec75dc', '1664586199601250305', '1587622642846633987', '1587622642838245378', 1, 1, 2, 'C');
INSERT INTO `el_paper_qu_answer` VALUES ('da2f0cc6-5a18-4a3f-a660-e80cb7067862', '1665191356508667906', '1587622642490118145', '1587622642473340930', 0, 0, 0, 'A');
INSERT INTO `el_paper_qu_answer` VALUES ('da61e1c0-39ed-4037-b962-0f0b84775b7e', '1664586199601250305', '1587622642917937154', '1587622642909548545', 0, 0, 0, 'A');
INSERT INTO `el_paper_qu_answer` VALUES ('dac81423-de86-4d0f-8191-e6de3e3e3415', '1664995583988936705', '1587622643249287170', '1587622643240898561', 1, 0, 3, 'D');
INSERT INTO `el_paper_qu_answer` VALUES ('db296fdc-5c0b-43e3-93a0-dcfed54c8273', '1665195278128467969', '1587622643987484674', '1587622643979096066', 0, 0, 0, 'A');
INSERT INTO `el_paper_qu_answer` VALUES ('db68b753-ba43-40ee-affc-b6dba83d5764', '1664995583988936705', '1587622643983290369', '1587622643979096066', 1, 0, 1, 'B');
INSERT INTO `el_paper_qu_answer` VALUES ('dbc3bf9a-845e-45c8-984b-ab2fc5f67ffc', '1665214122066767874', '1587622643702272002', '1587622643693883394', 1, 0, 1, 'B');
INSERT INTO `el_paper_qu_answer` VALUES ('dbfbc8ad-cbca-4231-9364-81091fab934c', '1665195278128467969', '1587622642649501700', '1587622642641113089', 1, 0, 0, 'A');
INSERT INTO `el_paper_qu_answer` VALUES ('dc878974-01f6-4152-a781-fdded3a2f711', '1665191356508667906', '1587622644209782787', '1587622644201394178', 0, 0, 1, 'B');
INSERT INTO `el_paper_qu_answer` VALUES ('dce6569e-a511-4be8-9b76-05a5fac696d1', '1665195278128467969', '1587622644364972036', '1587622644356583425', 0, 1, 2, 'C');
INSERT INTO `el_paper_qu_answer` VALUES ('dd714fbd-8448-4032-8e40-e60361820cd4', '1665191356508667906', '1587622643832295427', '1587622643823906818', 1, 0, 0, 'A');
INSERT INTO `el_paper_qu_answer` VALUES ('ddc07978-aa5e-4449-b72e-3465760dd7e1', '1665185422046658562', '1587622643832295427', '1587622643823906818', 1, 0, 3, 'D');
INSERT INTO `el_paper_qu_answer` VALUES ('df1cf62e-04cb-477a-892e-8e1a6008dcb3', '1664586199601250305', '1587622643769380867', '1587622643760992258', 0, 0, 0, 'A');
INSERT INTO `el_paper_qu_answer` VALUES ('e0241fb1-b4df-4fee-a1d7-763ccf725655', '1665191356508667906', '1587622643832295429', '1587622643823906818', 1, 0, 3, 'D');
INSERT INTO `el_paper_qu_answer` VALUES ('e03c3c14-465b-404e-99cc-72e187ef71c7', '1664471465052889089', '1587622643563859972', '1587622643551277058', 0, 0, 0, 'A');
INSERT INTO `el_paper_qu_answer` VALUES ('e06c143a-e35f-4148-8050-93b3dc8c2d24', '1664584697507766273', '1587622643324784642', '1587622643312201730', 0, 0, 2, 'C');
INSERT INTO `el_paper_qu_answer` VALUES ('e09d4f13-3fed-4f96-a4c9-f6932deb888d', '1665189132227313665', '1587622643479973890', '1587622643467390977', 0, 0, 1, 'B');
INSERT INTO `el_paper_qu_answer` VALUES ('e18c2792-39b7-43fa-a275-ff61b7ee11ad', '1665214122066767874', '1587622643563859972', '1587622643551277058', 0, 0, 2, 'C');
INSERT INTO `el_paper_qu_answer` VALUES ('e1e91223-0ca2-41ff-9cbb-f620b30d529c', '1664588318068703234', '1587622642490118147', '1587622642473340930', 1, 0, 0, 'A');
INSERT INTO `el_paper_qu_answer` VALUES ('e1f72426-ec74-42ce-ab67-de810390adbb', '1665185422046658562', '1587622643832295428', '1587622643823906818', 1, 1, 1, 'B');
INSERT INTO `el_paper_qu_answer` VALUES ('e291969c-16e0-4fe4-bb3e-62c7acde26e5', '1665187182945501186', '1587622643702272001', '1587622643693883394', 1, 0, 3, 'D');
INSERT INTO `el_paper_qu_answer` VALUES ('e393cf17-4123-4ea4-b50f-425884838cc4', '1664584697507766273', '1587622643253481476', '1587622643240898561', 1, 0, 3, 'D');
INSERT INTO `el_paper_qu_answer` VALUES ('e39ec68a-0442-4539-87eb-976f8e2e1540', '1664586199601250305', '1587622642569809923', '1587622642557227009', 0, 0, 2, 'C');
INSERT INTO `el_paper_qu_answer` VALUES ('e40ab984-ae8d-47f9-80bf-7031ca5cfc10', '1664586199601250305', '1587622642846633986', '1587622642838245378', 1, 1, 0, 'A');
INSERT INTO `el_paper_qu_answer` VALUES ('e4b086e9-b76a-449d-8c5e-1ac1aff49c00', '1665189132227313665', '1664584674678169602', '1664584674548146178', 0, 0, 0, 'A');
INSERT INTO `el_paper_qu_answer` VALUES ('e53cc807-1051-4d53-9e33-9eaa2374c032', '1665191356508667906', '1587622642569809923', '1587622642557227009', 1, 0, 0, 'A');
INSERT INTO `el_paper_qu_answer` VALUES ('e7bbde4c-25f2-453d-93eb-45ab4f2c5fc1', '1665189132227313665', '1587622642775330820', '1587622642762747906', 1, 0, 0, 'A');
INSERT INTO `el_paper_qu_answer` VALUES ('e83bfa60-121f-438d-94c5-3398638f99e9', '1664995583988936705', '1587622643052154882', '1587622643039571970', 0, 1, 1, 'B');
INSERT INTO `el_paper_qu_answer` VALUES ('e83d2a29-25f7-4883-b9b5-945eb1180f9a', '1665187182945501186', '1587622643832295427', '1587622643823906818', 1, 0, 0, 'A');
INSERT INTO `el_paper_qu_answer` VALUES ('e85932aa-50d0-4ac4-92fc-aa31a040adca', '1664995583988936705', '1587622642846633985', '1587622642838245378', 1, 0, 2, 'C');
INSERT INTO `el_paper_qu_answer` VALUES ('e85983f8-18fc-498b-bf1a-a07b13878be8', '1665187182945501186', '1587622643253481476', '1587622643240898561', 0, 0, 0, 'A');
INSERT INTO `el_paper_qu_answer` VALUES ('ea5608f0-54f7-467a-b054-925136240a25', '1664586199601250305', '1587622643249287170', '1587622643240898561', 0, 0, 2, 'C');
INSERT INTO `el_paper_qu_answer` VALUES ('eaad49dd-29b6-46a7-93e9-7a8e5bb54862', '1665214122066767874', '1587622642402037763', '1587622642393649153', 0, 0, 1, 'B');
INSERT INTO `el_paper_qu_answer` VALUES ('eafd313b-a602-4807-91e5-4a245aff7e95', '1664995583988936705', '1587622642649501699', '1587622642641113089', 0, 0, 3, 'D');
INSERT INTO `el_paper_qu_answer` VALUES ('eb5c024d-2e27-453b-9125-e4152845b8b7', '1664995583988936705', '1587622642649501700', '1587622642641113089', 1, 0, 1, 'B');
INSERT INTO `el_paper_qu_answer` VALUES ('eb5ec986-7b64-4059-b370-77b7702a815b', '1665189132227313665', '1587622642318151682', '1587622642263625729', 0, 0, 0, 'A');
INSERT INTO `el_paper_qu_answer` VALUES ('eb9e7d05-e128-4650-9a42-c0e6d894774d', '1664995583988936705', '1587622643404476419', '1587622643396087810', 0, 0, 1, 'B');
INSERT INTO `el_paper_qu_answer` VALUES ('eba59eb3-c268-4641-980c-ef2d6d27aa03', '1665187182945501186', '1587622643639357441', '1587622643626774530', 0, 0, 1, 'B');
INSERT INTO `el_paper_qu_answer` VALUES ('ec914851-0349-429a-9c93-c5b5eb195db6', '1665214122066767874', '1587622643182178306', '1587622643173789698', 0, 0, 0, 'A');
INSERT INTO `el_paper_qu_answer` VALUES ('ed38f292-7173-47a7-b206-3637700f18e9', '1665189132227313665', '1587622642708221954', '1587622642699833345', 0, 0, 1, 'B');
INSERT INTO `el_paper_qu_answer` VALUES ('edac63ce-5b9b-46e3-85d0-dad944065ee9', '1665195278128467969', '1587622643769380866', '1587622643760992258', 1, 0, 4, 'E');
INSERT INTO `el_paper_qu_answer` VALUES ('ee2ad266-f0b6-4a07-9ca4-52b0633be610', '1664588318068703234', '1587622643832295427', '1587622643823906818', 1, 0, 3, 'D');
INSERT INTO `el_paper_qu_answer` VALUES ('ee6f7993-c11a-497c-b22b-f7005c6a7d45', '1665195278128467969', '1587622643563859970', '1587622643551277058', 0, 0, 2, 'C');
INSERT INTO `el_paper_qu_answer` VALUES ('ef3d911d-4a0c-49bc-af41-25e11cba0759', '1665187182945501186', '1587622642402037764', '1587622642393649153', 1, 0, 0, 'A');
INSERT INTO `el_paper_qu_answer` VALUES ('efa22dcf-3b26-403f-8e61-6a01bdf3ddde', '1664584888143077377', '1587622643563859973', '1587622643551277058', 1, 0, 2, 'C');
INSERT INTO `el_paper_qu_answer` VALUES ('f13cdc6d-06b4-4f84-8a50-81291849345f', '1664588318068703234', '1587622642708221955', '1587622642699833345', 1, 0, 1, 'B');
INSERT INTO `el_paper_qu_answer` VALUES ('f15c901d-1af8-49f1-bf79-3976506d68d8', '1664586199601250305', '1587622642318151684', '1587622642263625729', 1, 0, 0, 'A');
INSERT INTO `el_paper_qu_answer` VALUES ('f28c3fbf-634c-400a-b9e4-ce77ee6e6887', '1664588318068703234', '1587622642708221953', '1587622642699833345', 0, 0, 4, 'E');
INSERT INTO `el_paper_qu_answer` VALUES ('f2dc2f10-61c2-4643-a4ef-b6d64f84b08a', '1665189132227313665', '1587622642771136513', '1587622642762747906', 1, 0, 4, 'E');
INSERT INTO `el_paper_qu_answer` VALUES ('f387ffae-39e4-403e-a603-58e82a724781', '1664584697507766273', '1587622644364972034', '1587622644356583425', 1, 0, 1, 'B');
INSERT INTO `el_paper_qu_answer` VALUES ('f3c5f38f-fb9e-4c8f-ab06-8a15fa115ef5', '1664471465052889089', '1587622642846633988', '1587622642838245378', 0, 0, 0, 'A');
INSERT INTO `el_paper_qu_answer` VALUES ('f44992b1-2ea5-40ee-bbe3-815769b92a21', '1665185422046658562', '1587622642649501698', '1587622642641113089', 0, 0, 1, 'B');
INSERT INTO `el_paper_qu_answer` VALUES ('f470d9cc-c267-4269-9227-104fc5cea3cf', '1665185422046658562', '1664593753593085954', '1587622643895209985', 1, 0, 0, 'A');
INSERT INTO `el_paper_qu_answer` VALUES ('f47799da-cf92-49ef-bf93-be6535480c7f', '1664588318068703234', '1587622642775330818', '1587622642762747906', 1, 0, 3, 'D');
INSERT INTO `el_paper_qu_answer` VALUES ('f5195590-6282-4a60-886c-bf328cc0910f', '1664995583988936705', '1587622643404476418', '1587622643396087810', 0, 0, 2, 'C');
INSERT INTO `el_paper_qu_answer` VALUES ('f56a5622-ce6b-4097-98d5-31c3b0c4520c', '1665189132227313665', '1587622643702272002', '1587622643693883394', 1, 0, 2, 'C');
INSERT INTO `el_paper_qu_answer` VALUES ('f61de280-7b2c-4c1c-a3ca-ebf2e71272bf', '1664584888143077377', '1587622642649501700', '1587622642641113089', 0, 0, 3, 'D');
INSERT INTO `el_paper_qu_answer` VALUES ('f6485bdd-1417-4d54-9b57-d15c98273b07', '1664584888143077377', '1587622643903598597', '1587622643895209985', 1, 0, 0, 'A');
INSERT INTO `el_paper_qu_answer` VALUES ('f716c982-77e0-4806-922d-80bc0f6c85aa', '1664995583988936705', '1587622643987484674', '1587622643979096066', 0, 1, 0, 'A');
INSERT INTO `el_paper_qu_answer` VALUES ('f73213fb-ea8c-4f1a-9d76-c54260d779b6', '1664584888143077377', '1587622642569809923', '1587622642557227009', 0, 0, 4, 'E');
INSERT INTO `el_paper_qu_answer` VALUES ('f7686697-4def-4258-a85e-8e32abef53f3', '1664586199601250305', '1587622643324784644', '1587622643312201730', 1, 0, 3, 'D');
INSERT INTO `el_paper_qu_answer` VALUES ('f7ae41ea-463a-4648-aa34-f50f4b56c065', '1665187182945501186', '1587622643702272002', '1587622643693883394', 1, 0, 1, 'B');
INSERT INTO `el_paper_qu_answer` VALUES ('f888569f-d02f-41ea-a7b4-85eff8992db4', '1665187182945501186', '1587622642846633987', '1587622642838245378', 1, 0, 1, 'B');
INSERT INTO `el_paper_qu_answer` VALUES ('f8b4511e-b7eb-4b3b-866b-58bf4429cdd5', '1664584888143077377', '1587622642846633988', '1587622642838245378', 0, 0, 1, 'B');
INSERT INTO `el_paper_qu_answer` VALUES ('f9d0f211-1e45-4a97-a833-d412e638418f', '1665189132227313665', '1587622642846633985', '1587622642838245378', 1, 0, 3, 'D');
INSERT INTO `el_paper_qu_answer` VALUES ('fa1d2c6b-daa4-4766-ac63-b673dee8bdb4', '1665189132227313665', '1587622643404476420', '1587622643396087810', 0, 0, 0, 'A');
INSERT INTO `el_paper_qu_answer` VALUES ('fa5a0423-bdd5-4d01-895a-cb1b14b065ee', '1665187182945501186', '1664588237408043010', '1664588237278019585', 0, 0, 0, 'A');
INSERT INTO `el_paper_qu_answer` VALUES ('faea9c32-311c-4b80-99e7-efd31999eb22', '1665189132227313665', '1587622642775330819', '1587622642762747906', 1, 0, 1, 'B');
INSERT INTO `el_paper_qu_answer` VALUES ('fb1aa2e9-ae5c-4b23-bb57-be5e72017e8b', '1664586199601250305', '1587622643832295427', '1587622643823906818', 1, 0, 3, 'D');
INSERT INTO `el_paper_qu_answer` VALUES ('fb928bbf-6ea0-4e46-a012-27c147a7ced4', '1664471465052889089', '1587622643182178307', '1587622643173789698', 1, 1, 2, 'C');
INSERT INTO `el_paper_qu_answer` VALUES ('fbedb40d-07af-44f9-8fbe-de4b61f2cc50', '1665191356508667906', '1587622643765186561', '1587622643760992258', 1, 0, 4, 'E');
INSERT INTO `el_paper_qu_answer` VALUES ('fc2f5fb8-52bd-4be4-b0d7-8b18ec682049', '1664586199601250305', '1587622644209782787', '1587622644201394178', 1, 0, 1, 'B');
INSERT INTO `el_paper_qu_answer` VALUES ('fc3bfadd-5403-4b86-adbb-389c90401998', '1664586199601250305', '1587622643832295428', '1587622643823906818', 1, 0, 2, 'C');
INSERT INTO `el_paper_qu_answer` VALUES ('fc4b0a07-2aef-4660-abdb-9d8ae4feb71d', '1664584697507766273', '1587622643765186561', '1587622643760992258', 1, 0, 2, 'C');
INSERT INTO `el_paper_qu_answer` VALUES ('fcc340a1-6f8b-47cb-a7db-5d2710af5b8a', '1665187182945501186', '1587622642402037762', '1587622642393649153', 0, 0, 1, 'B');
INSERT INTO `el_paper_qu_answer` VALUES ('fccd793b-4559-4ba1-b35a-a0f9f7df3284', '1664584697507766273', '1587622644364972036', '1587622644356583425', 0, 0, 3, 'D');
INSERT INTO `el_paper_qu_answer` VALUES ('fdf371a7-b05e-48bd-bb74-00e4036db0e2', '1664584697507766273', '1587622643832295428', '1587622643823906818', 1, 0, 4, 'E');
INSERT INTO `el_paper_qu_answer` VALUES ('fe27960f-913f-4477-b51e-9e7eab1069bf', '1664584888143077377', '1587622643639357442', '1587622643626774530', 0, 0, 3, 'D');
INSERT INTO `el_paper_qu_answer` VALUES ('fe4b60e7-d95e-41be-a071-56ebfa16b62c', '1664584888143077377', '1587622643903598595', '1587622643895209985', 1, 0, 2, 'C');
INSERT INTO `el_paper_qu_answer` VALUES ('fe8af4f5-59fd-4e81-bff1-4d913c6cee01', '1664584697507766273', '1587622644289474562', '1587622644281085953', 1, 0, 1, 'B');
INSERT INTO `el_paper_qu_answer` VALUES ('fe930058-3175-455a-afa2-f0fc257c26c6', '1664471465052889089', '1587622643182178308', '1587622643173789698', 0, 0, 1, 'B');
INSERT INTO `el_paper_qu_answer` VALUES ('fee28c26-864a-42ab-a18a-305b91cbccdb', '1664584888143077377', '1587622643324784645', '1587622643312201730', 0, 0, 2, 'C');
INSERT INTO `el_paper_qu_answer` VALUES ('fef39e45-11ac-49e2-90cb-847a1b4abb00', '1664995583988936705', '1587622642846633988', '1587622642838245378', 0, 0, 0, 'A');
INSERT INTO `el_paper_qu_answer` VALUES ('ff9bfd32-8384-4c2d-8efd-daa8ed2c3002', '1664995583988936705', '1587622642402037762', '1587622642393649153', 0, 1, 2, 'C');

-- ----------------------------
-- Table structure for el_qu
-- ----------------------------
DROP TABLE IF EXISTS `el_qu`;
CREATE TABLE `el_qu`  (
  `id` varchar(64) CHARACTER SET utf8mb4 COLLATE utf8mb4_general_ci NOT NULL COMMENT '题目ID',
  `qu_type` int(0) NOT NULL COMMENT '题目类型',
  `level` int(0) NOT NULL DEFAULT 1 COMMENT '1普通,2较难',
  `image` varchar(500) CHARACTER SET utf8mb4 COLLATE utf8mb4_general_ci NOT NULL DEFAULT '' COMMENT '题目图片',
  `content` varchar(2000) CHARACTER SET utf8mb4 COLLATE utf8mb4_general_ci NOT NULL COMMENT '题目内容',
  `create_time` datetime(0) NOT NULL DEFAULT CURRENT_TIMESTAMP(0) COMMENT '创建时间',
  `update_time` datetime(0) NOT NULL DEFAULT CURRENT_TIMESTAMP(0) COMMENT '更新时间',
  `remark` varchar(255) CHARACTER SET utf8mb4 COLLATE utf8mb4_general_ci NOT NULL DEFAULT '' COMMENT '题目备注',
  `analysis` varchar(2000) CHARACTER SET utf8mb4 COLLATE utf8mb4_general_ci NOT NULL DEFAULT '' COMMENT '整题解析',
  PRIMARY KEY (`id`) USING BTREE,
  INDEX `qu_type`(`qu_type`) USING BTREE
) ENGINE = InnoDB CHARACTER SET = utf8mb4 COLLATE = utf8mb4_general_ci COMMENT = '试题主表' ROW_FORMAT = Dynamic;

-- ----------------------------
-- Records of el_qu
-- ----------------------------
INSERT INTO `el_qu` VALUES ('1587622642263625729', 1, 1, '', 'Which of the following is a synonym for the word \"indignant\"?', '2022-11-02 09:48:29', '2022-11-02 09:48:29', '', '');
INSERT INTO `el_qu` VALUES ('1587622642393649153', 1, 1, '', 'What is the correct form of the verb to complete the sentence? \"I ___________ to the cinema yesterday.\"', '2022-11-02 09:48:29', '2022-11-02 09:48:29', '', '');
INSERT INTO `el_qu` VALUES ('1587622642473340930', 1, 1, '', 'The phrase \"tip of the iceberg\" means:', '2022-11-02 09:48:29', '2022-11-02 09:48:29', '', '');
INSERT INTO `el_qu` VALUES ('1587622642557227009', 1, 1, '', 'Which of the following is an example of an adverb?', '2022-11-02 09:48:29', '2022-11-02 09:48:29', '', '');
INSERT INTO `el_qu` VALUES ('1587622642641113089', 1, 1, '', 'In order to improve your English speaking skills, you should __________ a language exchange program.', '2022-11-02 09:48:29', '2022-11-02 09:48:29', '', '');
INSERT INTO `el_qu` VALUES ('1587622642699833345', 1, 1, '', 'The police officer asked the witness to __________ the details of the incident.', '2022-11-02 09:48:29', '2022-11-02 09:48:29', '', '');
INSERT INTO `el_qu` VALUES ('1587622642762747906', 2, 1, '', 'Which of the following are strategies to reduce stress? (Select all that apply)', '2022-11-02 09:48:29', '2022-11-02 09:48:29', '', '');
INSERT INTO `el_qu` VALUES ('1587622642838245378', 2, 1, '', 'Which of the following programming languages are object-oriented?', '2022-11-02 09:48:29', '2022-11-02 09:48:29', '', '');
INSERT INTO `el_qu` VALUES ('1587622642909548545', 3, 1, '', 'The verb \"run\" is an irregular verb.', '2022-11-02 09:48:29', '2022-11-02 09:48:29', '', '');
INSERT INTO `el_qu` VALUES ('1587622642976657410', 3, 1, '', 'Prepositions are always followed by a noun or a pronoun.', '2022-11-02 09:48:29', '2022-11-02 09:48:29', '', '');
INSERT INTO `el_qu` VALUES ('1587622643039571970', 1, 1, '', 'The professor\'s lecture was so __________ that many students struggled to understand the concepts.', '2022-11-02 09:48:29', '2022-11-02 09:48:29', '', '');
INSERT INTO `el_qu` VALUES ('1587622643102486530', 1, 1, '', 'The committee members could not reach a consensus, so they decided to __________ the decision for the next meeting.', '2022-11-02 09:48:29', '2022-11-02 09:48:29', '', '');
INSERT INTO `el_qu` VALUES ('1587622643173789698', 1, 1, '', 'The new employee was __________ to handle multiple tasks simultaneously.', '2022-11-02 09:48:29', '2022-11-02 09:48:29', '', '');
INSERT INTO `el_qu` VALUES ('1587622643240898561', 1, 1, '', 'It is essential to __________ a balance between work and personal life to avoid burnout.', '2022-11-02 09:48:29', '2022-11-02 09:48:29', '', '');
INSERT INTO `el_qu` VALUES ('1587622643312201730', 1, 1, '', 'The company implemented strict policies to __________ employee productivity and reduce wasteful activities.', '2022-11-02 09:48:29', '2022-11-02 09:48:29', '', '');
INSERT INTO `el_qu` VALUES ('1587622643396087810', 1, 1, '', 'The government\'s decision to increase taxes has __________ opposition from the public.', '2022-11-02 09:48:29', '2022-11-02 09:48:29', '', '');
INSERT INTO `el_qu` VALUES ('1587622643467390977', 1, 1, '', 'The author\'s writing style is characterized by its __________ use of metaphors and symbolism.', '2022-11-02 09:48:29', '2022-11-02 09:48:29', '', '');
INSERT INTO `el_qu` VALUES ('1587622643551277058', 1, 1, '', 'The athlete\'s remarkable performance in the championship __________ her dedication and hard work.', '2022-11-02 09:48:29', '2022-11-02 09:48:29', '', '');
INSERT INTO `el_qu` VALUES ('1587622643693883394', 2, 1, '', 'Which of the following are features of a healthy diet? (Select all that apply)', '2022-11-02 09:48:30', '2022-11-02 09:48:30', '', '');
INSERT INTO `el_qu` VALUES ('1587622643760992258', 2, 1, '', 'Which of the following are causes of air pollution? (Select all that apply)', '2022-11-02 09:48:30', '2022-11-02 09:48:30', '', '');
INSERT INTO `el_qu` VALUES ('1587622643823906818', 2, 1, '', 'Which of the following are benefits of regular exercise? (Select all that apply)', '2022-11-02 09:48:30', '2022-11-02 09:48:30', '', '');
INSERT INTO `el_qu` VALUES ('1587622643895209985', 2, 1, '', 'Which of the following are characteristics of a successful leader? (Select all that apply)', '2022-11-02 09:48:30', '2022-11-02 09:48:30', '', '');
INSERT INTO `el_qu` VALUES ('1587622643979096066', 3, 1, '', 'The comparative form of the adjective \"good\" is \"better.\"', '2022-11-02 09:48:30', '2022-11-02 09:48:30', '', '');
INSERT INTO `el_qu` VALUES ('1587622644134285314', 3, 1, '', 'An adverb is used to modify a noun in a sentence.', '2022-11-02 09:48:30', '2022-11-02 09:48:30', '', '');
INSERT INTO `el_qu` VALUES ('1587622644201394178', 3, 1, '', 'The word \"their\" is a possessive pronoun.', '2022-11-02 09:48:30', '2022-11-02 09:48:30', '', '');
INSERT INTO `el_qu` VALUES ('1587622644281085953', 3, 1, '', 'A comma is used to separate the subject and the predicate in a sentence.', '2022-11-02 09:48:30', '2022-11-02 09:48:30', '', '');
INSERT INTO `el_qu` VALUES ('1587622644356583425', 1, 1, '', 'What does the phrase \"turn a blind eye to\" mean?', '2022-11-02 09:48:30', '2022-11-02 09:48:30', '', '');
INSERT INTO `el_qu` VALUES ('1664584674548146178', 4, 1, '', 'To write an essay that begins with the sentence \"nowadays more and more people choose to live an environmentally friendly lifestyle.\"', '2023-06-02 18:48:08', '2023-06-02 18:48:08', '', '');
INSERT INTO `el_qu` VALUES ('1664588237278019585', 4, 1, '', 'Nowadays more and more people keep learning new skills to adapt to a fast-changing world.you can make comments,use examples,or use your personal experiences to develop your essay.', '2023-06-02 19:02:17', '2023-06-02 19:02:17', '', '');

-- ----------------------------
-- Table structure for el_qu_answer
-- ----------------------------
DROP TABLE IF EXISTS `el_qu_answer`;
CREATE TABLE `el_qu_answer`  (
  `id` varchar(64) CHARACTER SET utf8mb4 COLLATE utf8mb4_general_ci NOT NULL COMMENT '答案ID',
  `qu_id` varchar(64) CHARACTER SET utf8mb4 COLLATE utf8mb4_general_ci NOT NULL COMMENT '问题ID',
  `is_right` tinyint(0) NOT NULL DEFAULT 0 COMMENT '是否正确',
  `image` varchar(500) CHARACTER SET utf8mb4 COLLATE utf8mb4_general_ci NOT NULL DEFAULT '' COMMENT '选项图片',
  `content` varchar(5000) CHARACTER SET utf8mb4 COLLATE utf8mb4_general_ci NOT NULL DEFAULT '' COMMENT '答案内容',
  `analysis` varchar(5000) CHARACTER SET utf8mb4 COLLATE utf8mb4_general_ci NOT NULL DEFAULT '' COMMENT '答案分析',
  PRIMARY KEY (`id`) USING BTREE,
  INDEX `qu_id`(`qu_id`) USING BTREE
) ENGINE = InnoDB CHARACTER SET = utf8mb4 COLLATE = utf8mb4_general_ci COMMENT = '试题答案选项' ROW_FORMAT = Dynamic;

-- ----------------------------
-- Records of el_qu_answer
-- ----------------------------
INSERT INTO `el_qu_answer` VALUES ('1587622642309763073', '1587622642263625729', 0, '', 'Pleased', '');
INSERT INTO `el_qu_answer` VALUES ('1587622642318151681', '1587622642263625729', 1, '', 'Angry', '');
INSERT INTO `el_qu_answer` VALUES ('1587622642318151682', '1587622642263625729', 0, '', 'Confused', '');
INSERT INTO `el_qu_answer` VALUES ('1587622642318151683', '1587622642263625729', 0, '', 'Calm', '');
INSERT INTO `el_qu_answer` VALUES ('1587622642402037761', '1587622642393649153', 0, '', 'Go', '');
INSERT INTO `el_qu_answer` VALUES ('1587622642402037762', '1587622642393649153', 0, '', 'Am going', '');
INSERT INTO `el_qu_answer` VALUES ('1587622642402037763', '1587622642393649153', 0, '', 'Have gone', '');
INSERT INTO `el_qu_answer` VALUES ('1587622642402037764', '1587622642393649153', 1, '', 'Went', '');
INSERT INTO `el_qu_answer` VALUES ('1587622642490118145', '1587622642473340930', 0, '', 'A small piece of ice floating in the ocean.', '');
INSERT INTO `el_qu_answer` VALUES ('1587622642490118146', '1587622642473340930', 0, '', 'Something that is easily visible and noticeable.', '');
INSERT INTO `el_qu_answer` VALUES ('1587622642490118147', '1587622642473340930', 0, '', 'The most important part of a problem or situation.', '');
INSERT INTO `el_qu_answer` VALUES ('1587622642490118148', '1587622642473340930', 1, '', 'A situation that is much larger or more complex than it appears.', '');
INSERT INTO `el_qu_answer` VALUES ('1587622642569809922', '1587622642557227009', 0, '', 'Happy', '');
INSERT INTO `el_qu_answer` VALUES ('1587622642569809923', '1587622642557227009', 1, '', 'Quickly', '');
INSERT INTO `el_qu_answer` VALUES ('1587622642569809924', '1587622642557227009', 0, '', 'Cat', '');
INSERT INTO `el_qu_answer` VALUES ('1587622642569809925', '1587622642557227009', 0, '', 'Running', '');
INSERT INTO `el_qu_answer` VALUES ('1587622642649501697', '1587622642641113089', 0, '', 'undertake', '');
INSERT INTO `el_qu_answer` VALUES ('1587622642649501698', '1587622642641113089', 0, '', 'enroll', '');
INSERT INTO `el_qu_answer` VALUES ('1587622642649501699', '1587622642641113089', 0, '', 'initiate', '');
INSERT INTO `el_qu_answer` VALUES ('1587622642649501700', '1587622642641113089', 1, '', 'participate', '');
INSERT INTO `el_qu_answer` VALUES ('1587622642708221953', '1587622642699833345', 1, '', 'recall', '');
INSERT INTO `el_qu_answer` VALUES ('1587622642708221954', '1587622642699833345', 0, '', 'remind', '');
INSERT INTO `el_qu_answer` VALUES ('1587622642708221955', '1587622642699833345', 0, '', 'recollect', '');
INSERT INTO `el_qu_answer` VALUES ('1587622642708221956', '1587622642699833345', 0, '', 'remember', '');
INSERT INTO `el_qu_answer` VALUES ('1587622642771136513', '1587622642762747906', 1, '', 'Regular exercise', '');
INSERT INTO `el_qu_answer` VALUES ('1587622642775330818', '1587622642762747906', 1, '', 'Practicing mindfulness and meditation', '');
INSERT INTO `el_qu_answer` VALUES ('1587622642775330819', '1587622642762747906', 1, '', 'Maintaining a healthy sleep schedule', '');
INSERT INTO `el_qu_answer` VALUES ('1587622642775330820', '1587622642762747906', 1, '', 'Socializing and spending time with loved ones', '');
INSERT INTO `el_qu_answer` VALUES ('1587622642846633985', '1587622642838245378', 1, '', 'Python', '');
INSERT INTO `el_qu_answer` VALUES ('1587622642846633986', '1587622642838245378', 1, '', 'JavaScript', '');
INSERT INTO `el_qu_answer` VALUES ('1587622642846633987', '1587622642838245378', 1, '', 'Java', '');
INSERT INTO `el_qu_answer` VALUES ('1587622642846633988', '1587622642838245378', 0, '', 'HTML', '');
INSERT INTO `el_qu_answer` VALUES ('1587622642917937153', '1587622642909548545', 1, '', 'True', '');
INSERT INTO `el_qu_answer` VALUES ('1587622642917937154', '1587622642909548545', 0, '', 'False', '');
INSERT INTO `el_qu_answer` VALUES ('1587622642985046018', '1587622642976657410', 1, '', 'True', '');
INSERT INTO `el_qu_answer` VALUES ('1587622642989240321', '1587622642976657410', 0, '', 'False', '');
INSERT INTO `el_qu_answer` VALUES ('1587622643047960578', '1587622643039571970', 0, '', 'profound', '');
INSERT INTO `el_qu_answer` VALUES ('1587622643047960579', '1587622643039571970', 1, '', 'intricate', '');
INSERT INTO `el_qu_answer` VALUES ('1587622643047960580', '1587622643039571970', 0, '', 'comprehensive', '');
INSERT INTO `el_qu_answer` VALUES ('1587622643052154882', '1587622643039571970', 0, '', 'complex', '');
INSERT INTO `el_qu_answer` VALUES ('1587622643110875137', '1587622643102486530', 1, '', 'postpone', '');
INSERT INTO `el_qu_answer` VALUES ('1587622643110875138', '1587622643102486530', 0, '', 'delay', '');
INSERT INTO `el_qu_answer` VALUES ('1587622643110875139', '1587622643102486530', 0, '', 'defer', '');
INSERT INTO `el_qu_answer` VALUES ('1587622643110875140', '1587622643102486530', 0, '', 'suspend', '');
INSERT INTO `el_qu_answer` VALUES ('1587622643182178305', '1587622643173789698', 0, '', 'proficient', '');
INSERT INTO `el_qu_answer` VALUES ('1587622643182178306', '1587622643173789698', 0, '', 'competent', '');
INSERT INTO `el_qu_answer` VALUES ('1587622643182178307', '1587622643173789698', 1, '', 'adept', '');
INSERT INTO `el_qu_answer` VALUES ('1587622643182178308', '1587622643173789698', 0, '', 'capable', '');
INSERT INTO `el_qu_answer` VALUES ('1587622643249287170', '1587622643240898561', 1, '', 'maintain', '');
INSERT INTO `el_qu_answer` VALUES ('1587622643253481474', '1587622643240898561', 0, '', 'sustain', '');
INSERT INTO `el_qu_answer` VALUES ('1587622643253481475', '1587622643240898561', 0, '', 'preserve', '');
INSERT INTO `el_qu_answer` VALUES ('1587622643253481476', '1587622643240898561', 0, '', 'uphold', '');
INSERT INTO `el_qu_answer` VALUES ('1587622643324784642', '1587622643312201730', 0, '', 'enhance', '');
INSERT INTO `el_qu_answer` VALUES ('1587622643324784643', '1587622643312201730', 0, '', 'boost', '');
INSERT INTO `el_qu_answer` VALUES ('1587622643324784644', '1587622643312201730', 1, '', 'optimize', '');
INSERT INTO `el_qu_answer` VALUES ('1587622643324784645', '1587622643312201730', 0, '', 'maximize', '');
INSERT INTO `el_qu_answer` VALUES ('1587622643404476417', '1587622643396087810', 1, '', 'sparked', '');
INSERT INTO `el_qu_answer` VALUES ('1587622643404476418', '1587622643396087810', 0, '', 'triggered', '');
INSERT INTO `el_qu_answer` VALUES ('1587622643404476419', '1587622643396087810', 0, '', 'provoked', '');
INSERT INTO `el_qu_answer` VALUES ('1587622643404476420', '1587622643396087810', 0, '', 'instigated', '');
INSERT INTO `el_qu_answer` VALUES ('1587622643479973889', '1587622643467390977', 0, '', 'intricate', '');
INSERT INTO `el_qu_answer` VALUES ('1587622643479973890', '1587622643467390977', 0, '', 'elaborate', '');
INSERT INTO `el_qu_answer` VALUES ('1587622643479973891', '1587622643467390977', 1, '', 'subtle', '');
INSERT INTO `el_qu_answer` VALUES ('1587622643479973892', '1587622643467390977', 0, '', 'sophisticated', '');
INSERT INTO `el_qu_answer` VALUES ('1587622643563859970', '1587622643551277058', 0, '', 'reflects', '');
INSERT INTO `el_qu_answer` VALUES ('1587622643563859971', '1587622643551277058', 1, '', 'demonstrates', '');
INSERT INTO `el_qu_answer` VALUES ('1587622643563859972', '1587622643551277058', 0, '', 'signifies', '');
INSERT INTO `el_qu_answer` VALUES ('1587622643563859973', '1587622643551277058', 0, '', 'embodies', '');
INSERT INTO `el_qu_answer` VALUES ('1587622643702272001', '1587622643693883394', 1, '', 'Balanced intake of macronutrients (carbohydrates, proteins, fats)', '');
INSERT INTO `el_qu_answer` VALUES ('1587622643702272002', '1587622643693883394', 1, '', 'Sufficient intake of vitamins and minerals', '');
INSERT INTO `el_qu_answer` VALUES ('1587622643702272003', '1587622643693883394', 1, '', 'Limited consumption of processed foods', '');
INSERT INTO `el_qu_answer` VALUES ('1587622643702272004', '1587622643693883394', 0, '', 'Regular intake of sugary beverages', '');
INSERT INTO `el_qu_answer` VALUES ('1587622643765186561', '1587622643760992258', 1, '', 'Industrial emissions', '');
INSERT INTO `el_qu_answer` VALUES ('1587622643769380865', '1587622643760992258', 1, '', 'Vehicle exhaust', '');
INSERT INTO `el_qu_answer` VALUES ('1587622643769380866', '1587622643760992258', 1, '', 'Deforestation', '');
INSERT INTO `el_qu_answer` VALUES ('1587622643769380867', '1587622643760992258', 1, '', 'Cigarette smoke', '');
INSERT INTO `el_qu_answer` VALUES ('1587622643832295426', '1587622643823906818', 1, '', 'Improved cardiovascular health', '');
INSERT INTO `el_qu_answer` VALUES ('1587622643832295427', '1587622643823906818', 1, '', 'Increased flexibility', '');
INSERT INTO `el_qu_answer` VALUES ('1587622643832295428', '1587622643823906818', 1, '', 'Enhanced cognitive function', '');
INSERT INTO `el_qu_answer` VALUES ('1587622643832295429', '1587622643823906818', 1, '', 'Stronger immune system', '');
INSERT INTO `el_qu_answer` VALUES ('1587622643903598594', '1587622643895209985', 1, '', 'Effective communication skills', '');
INSERT INTO `el_qu_answer` VALUES ('1587622643903598595', '1587622643895209985', 1, '', 'Ability to delegate tasks', '');
INSERT INTO `el_qu_answer` VALUES ('1587622643903598596', '1587622643895209985', 1, '', 'Strong problem-solving abilities', '');
INSERT INTO `el_qu_answer` VALUES ('1587622643903598597', '1587622643895209985', 1, '', 'Flexibility and adaptability', '');
INSERT INTO `el_qu_answer` VALUES ('1587622643983290369', '1587622643979096066', 1, '', 'True', '');
INSERT INTO `el_qu_answer` VALUES ('1587622643987484674', '1587622643979096066', 0, '', 'False', '');
INSERT INTO `el_qu_answer` VALUES ('1587622644138479618', '1587622644134285314', 0, '', 'True', '');
INSERT INTO `el_qu_answer` VALUES ('1587622644142673922', '1587622644134285314', 1, '', 'False', '');
INSERT INTO `el_qu_answer` VALUES ('1587622644209782786', '1587622644201394178', 1, '', 'True', '');
INSERT INTO `el_qu_answer` VALUES ('1587622644209782787', '1587622644201394178', 0, '', 'False', '');
INSERT INTO `el_qu_answer` VALUES ('1587622644289474562', '1587622644281085953', 0, '', 'True', '');
INSERT INTO `el_qu_answer` VALUES ('1587622644289474563', '1587622644281085953', 1, '', 'False', '');
INSERT INTO `el_qu_answer` VALUES ('1587622644364972034', '1587622644356583425', 0, '', 'To become blind suddenly.', '');
INSERT INTO `el_qu_answer` VALUES ('1587622644364972035', '1587622644356583425', 1, '', 'To ignore or pretend not to notice something.', '');
INSERT INTO `el_qu_answer` VALUES ('1587622644364972036', '1587622644356583425', 0, '', 'To look at something with great curiosity.', '');
INSERT INTO `el_qu_answer` VALUES ('1587622644369166338', '1587622644356583425', 0, '', 'To close one eye while looking at something.', '');
INSERT INTO `el_qu_answer` VALUES ('1664584674678169602', '1664584674548146178', 0, '', 'Nowadays more and more people choose to live an environ-mentally friendly lifestyle. They tend to produce less rubbish in their daily life and try to recycle anything that can be reused. Some even become enthusiasts and encourage more people around them to change their lifestyles into the more environ-mentally friendly ones. Simon, one of my best friends, is a typical youngster who lives an environmentally friendly lifestyle. He tries not to buy prod-ucts during the manufacture of which much pollution may be caused. After using up the goods he bought, he would always reuse the packages of the goods for other purposes. He also tries to reduce the pollution from human-made machines. No matter in very hot summer or in freezing cold winter, he never uses air conditioners. He believes that it does us good to stay in a natural environment and reducing the use of air condition-ers can save more electricity as well. As people\'s awareness of protecting and guarding the earth becomes stronger,an increasing number of people from differ-ent fields will join to live sustainably and eventually make the world a more worthy place to live.', '');
INSERT INTO `el_qu_answer` VALUES ('1664588237408043010', '1664588237278019585', 0, '', 'It is a truth universally acknowledged that we are living in a constantly changing world. What seemed absolutely right yesterday may prove wrong today. Therefore, it is essential for everyone to keep learning new skills, so they can keep up with the pace of modern world. This mentality counts in almost every stage of our life.First, when a student keeps learning new skills, he/she always asks for more and desires to explore the unknown world. Therefore, there is an excellent chance that he/she stands out in peer groups. Second, in the workplace,office workers with such attitude generally finish his/her tasks in a higher quality, and they are more likely to climb up the ladder more quickly than their colleagues who content themselves with the skills they already have.Besides, in our daily life, people who keep learning new skills are more positive, and everyone around them must be fond of making friends with them. In all, we must keep learning new skills so as to adapt to the fast-changing world. On the one hand, we should make friends more with people who have such attitude, and let their positive energy influence us. On the other, we should bear in mind that what remains unchanged is change itself, so we should never stop learning new skills.', '');
INSERT INTO `el_qu_answer` VALUES ('1664593753593085954', '1587622643895209985', 1, '', 'Empathy and emotional intelligence', '');
INSERT INTO `el_qu_answer` VALUES ('1664594081185005570', '1587622643760992258', 1, '', 'Agricultural activities', '');
INSERT INTO `el_qu_answer` VALUES ('1664594708652883969', '1587622643693883394', 0, '', 'High intake of saturated fats', '');
INSERT INTO `el_qu_answer` VALUES ('1664594910931582978', '1587622642762747906', 0, '', 'Procrastinating and avoiding responsibilities', '');

-- ----------------------------
-- Table structure for el_qu_repo
-- ----------------------------
DROP TABLE IF EXISTS `el_qu_repo`;
CREATE TABLE `el_qu_repo`  (
  `id` varchar(64) CHARACTER SET utf8mb4 COLLATE utf8mb4_general_ci NOT NULL,
  `qu_id` varchar(64) CHARACTER SET utf8mb4 COLLATE utf8mb4_general_ci NOT NULL COMMENT '试题',
  `repo_id` varchar(64) CHARACTER SET utf8mb4 COLLATE utf8mb4_general_ci NOT NULL COMMENT '归属题库',
  `qu_type` int(0) NOT NULL DEFAULT 0 COMMENT '题目类型',
  `sort` int(0) NOT NULL DEFAULT 0 COMMENT '排序',
  PRIMARY KEY (`id`) USING BTREE,
  INDEX `qu_id`(`qu_id`) USING BTREE,
  INDEX `repo_id`(`repo_id`) USING BTREE
) ENGINE = InnoDB CHARACTER SET = utf8mb4 COLLATE = utf8mb4_general_ci COMMENT = '试题题库关联' ROW_FORMAT = Dynamic;

-- ----------------------------
-- Records of el_qu_repo
-- ----------------------------
INSERT INTO `el_qu_repo` VALUES ('1587622670159941633', '1587622643626774530', '1587622451624120321', 1, 1);
INSERT INTO `el_qu_repo` VALUES ('1587622670340296706', '1587622644054593538', '1587622451624120321', 3, 2);
INSERT INTO `el_qu_repo` VALUES ('1664591871181062145', '1664588237278019585', '1587622451624120321', 4, 3);
INSERT INTO `el_qu_repo` VALUES ('1664591989099724801', '1664584674548146178', '1587622451624120321', 4, 4);
INSERT INTO `el_qu_repo` VALUES ('1664593418090708994', '1587622643823906818', '1587622451624120321', 2, 5);
INSERT INTO `el_qu_repo` VALUES ('1664593753660194817', '1587622643895209985', '1587622451624120321', 2, 6);
INSERT INTO `el_qu_repo` VALUES ('1664594081315028994', '1587622643760992258', '1587622451624120321', 2, 7);
INSERT INTO `el_qu_repo` VALUES ('1664594708652883970', '1587622643693883394', '1587622451624120321', 2, 8);
INSERT INTO `el_qu_repo` VALUES ('1664594910998691842', '1587622642762747906', '1587622451624120321', 2, 9);
INSERT INTO `el_qu_repo` VALUES ('1664595505117659138', '1587622644356583425', '1587622451624120321', 1, 10);
INSERT INTO `el_qu_repo` VALUES ('1664595641113772034', '1587622642263625729', '1587622451624120321', 1, 11);
INSERT INTO `el_qu_repo` VALUES ('1664595761154752514', '1587622642393649153', '1587622451624120321', 1, 12);
INSERT INTO `el_qu_repo` VALUES ('1664595906084732929', '1587622642473340930', '1587622451624120321', 1, 13);
INSERT INTO `el_qu_repo` VALUES ('1664596044870057986', '1587622642557227009', '1587622451624120321', 1, 14);
INSERT INTO `el_qu_repo` VALUES ('1664596583771013121', '1587622642641113089', '1587622451624120321', 1, 15);
INSERT INTO `el_qu_repo` VALUES ('1664596715916754946', '1587622642699833345', '1587622451624120321', 1, 16);
INSERT INTO `el_qu_repo` VALUES ('1664596902450036737', '1587622643039571970', '1587622451624120321', 1, 17);
INSERT INTO `el_qu_repo` VALUES ('1664597138635489282', '1587622643102486530', '1587622451624120321', 1, 18);
INSERT INTO `el_qu_repo` VALUES ('1664597265454465026', '1587622643173789698', '1587622451624120321', 1, 19);
INSERT INTO `el_qu_repo` VALUES ('1664597579792384001', '1587622643240898561', '1587622451624120321', 1, 20);
INSERT INTO `el_qu_repo` VALUES ('1664597944713609217', '1587622643312201730', '1587622451624120321', 1, 21);
INSERT INTO `el_qu_repo` VALUES ('1664598174041374721', '1587622643396087810', '1587622451624120321', 1, 22);
INSERT INTO `el_qu_repo` VALUES ('1664598324486864898', '1587622643467390977', '1587622451624120321', 1, 23);
INSERT INTO `el_qu_repo` VALUES ('1664598477201473537', '1587622643551277058', '1587622451624120321', 1, 24);
INSERT INTO `el_qu_repo` VALUES ('1664599711660638210', '1587622644281085953', '1587622451624120321', 3, 25);
INSERT INTO `el_qu_repo` VALUES ('1664599847832911873', '1587622644201394178', '1587622451624120321', 3, 26);
INSERT INTO `el_qu_repo` VALUES ('1664600725658796034', '1587622644134285314', '1587622451624120321', 3, 27);
INSERT INTO `el_qu_repo` VALUES ('1664600802716549121', '1587622643979096066', '1587622451624120321', 3, 28);
INSERT INTO `el_qu_repo` VALUES ('1664600892873113601', '1587622642909548545', '1587622451624120321', 3, 29);
INSERT INTO `el_qu_repo` VALUES ('1664601041666048002', '1587622642976657410', '1587622451624120321', 3, 30);
INSERT INTO `el_qu_repo` VALUES ('1664601349179834370', '1587622642838245378', '1587622451624120321', 2, 31);

-- ----------------------------
-- Table structure for el_repo
-- ----------------------------
DROP TABLE IF EXISTS `el_repo`;
CREATE TABLE `el_repo`  (
  `id` varchar(64) CHARACTER SET utf8 COLLATE utf8_general_ci NOT NULL COMMENT '题库ID',
  `code` varchar(255) CHARACTER SET utf8 COLLATE utf8_general_ci NOT NULL DEFAULT '' COMMENT '题库编号',
  `title` varchar(255) CHARACTER SET utf8 COLLATE utf8_general_ci NOT NULL COMMENT '题库名称',
  `remark` varchar(255) CHARACTER SET utf8 COLLATE utf8_general_ci NOT NULL DEFAULT '' COMMENT '题库备注',
  `create_time` datetime(0) NULL DEFAULT NULL COMMENT '创建时间',
  `update_time` datetime(0) NULL DEFAULT NULL COMMENT '更新时间',
  PRIMARY KEY (`id`) USING BTREE
) ENGINE = InnoDB CHARACTER SET = utf8mb4 COLLATE = utf8mb4_general_ci COMMENT = '题库信息' ROW_FORMAT = Dynamic;

-- ----------------------------
-- Records of el_repo
-- ----------------------------
INSERT INTO `el_repo` VALUES ('1587622451624120321', '', '全国大学生英语CET6等级考试总题库', '全国大学生英语CET6等级考试总题库', '2022-11-02 09:47:44', '2022-11-02 09:47:44');

-- ----------------------------
-- Table structure for el_user_book
-- ----------------------------
DROP TABLE IF EXISTS `el_user_book`;
CREATE TABLE `el_user_book`  (
  `id` varchar(64) CHARACTER SET utf8mb4 COLLATE utf8mb4_general_ci NOT NULL COMMENT 'ID',
  `exam_id` varchar(32) CHARACTER SET utf8mb4 COLLATE utf8mb4_general_ci NOT NULL COMMENT '考试ID',
  `user_id` varchar(64) CHARACTER SET utf8mb4 COLLATE utf8mb4_general_ci NOT NULL COMMENT '用户ID',
  `qu_id` varchar(64) CHARACTER SET utf8mb4 COLLATE utf8mb4_general_ci NOT NULL COMMENT '题目ID',
  `create_time` datetime(0) NULL DEFAULT NULL COMMENT '加入时间',
  `update_time` datetime(0) NULL DEFAULT NULL COMMENT '最近错误时间',
  `wrong_count` int(0) NOT NULL COMMENT '错误时间',
  `title` varchar(1000) CHARACTER SET utf8mb4 COLLATE utf8mb4_general_ci NOT NULL COMMENT '题目标题',
  `sort` int(0) NOT NULL COMMENT '错题序号',
  PRIMARY KEY (`id`) USING BTREE,
  INDEX `user_id`(`user_id`) USING BTREE,
  INDEX `sort`(`sort`) USING BTREE,
  INDEX `exam_id`(`exam_id`) USING BTREE
) ENGINE = InnoDB CHARACTER SET = utf8mb4 COLLATE = utf8mb4_general_ci COMMENT = '错题本' ROW_FORMAT = Dynamic;

-- ----------------------------
-- Records of el_user_book
-- ----------------------------
INSERT INTO `el_user_book` VALUES ('1664471700462395393', '1587621704140427265', '10001', '1587622642393649153', '2023-06-02 11:19:12', '2023-06-02 11:19:12', 3, '五个答案中哪个是最好的类比？皮对于树相当于鳞对于', 1);
INSERT INTO `el_user_book` VALUES ('1664471700852465665', '1587621704140427265', '10001', '1587622643551277058', '2023-06-02 11:19:13', '2023-06-02 11:19:13', 4, '世界上跨东西、南北距离最长的大洲是（）', 2);
INSERT INTO `el_user_book` VALUES ('1664471701108318210', '1587621704140427265', '10001', '1587622643312201730', '2023-06-02 11:19:13', '2023-06-02 11:19:13', 6, '亚洲各国经济发展不平衡，下列国家中人均国民生产总值最高的是（）', 3);
INSERT INTO `el_user_book` VALUES ('1664471701569691649', '1587621704140427265', '10001', '1587622643693883394', '2023-06-02 11:19:13', '2023-06-02 11:19:13', 6, '南极旅游的兴起，请下列哪些因素有关（）', 4);
INSERT INTO `el_user_book` VALUES ('1664471702089785346', '1587621704140427265', '10001', '1587622643979096066', '2023-06-02 11:19:13', '2023-06-02 11:19:13', 4, '地球上出现的潮汐是由于地月吸引力。', 5);
INSERT INTO `el_user_book` VALUES ('1664471702479855618', '1587621704140427265', '10001', '1587622644201394178', '2023-06-02 11:19:13', '2023-06-02 11:19:13', 4, '仪表显示当前发动机转速是6000转克/分钟。', 6);
INSERT INTO `el_user_book` VALUES ('1664584854508953601', '1587621704140427265', '10001', '1587622644356583425', '2023-06-02 18:48:50', '2023-06-02 18:48:50', 4, '我国面积最大的湖泊是（）。', 7);
INSERT INTO `el_user_book` VALUES ('1664584854638977025', '1587621704140427265', '10001', '1587622642473340930', '2023-06-02 18:48:51', '2023-06-02 18:48:51', 3, '火车守车(车尾)长6.4米。机车的长度等于守车的长加上半节车厢的长。车厢长度等于守车长加上机车长。火车的机车、车厢、守车共长多少米？', 8);
INSERT INTO `el_user_book` VALUES ('1664584854769000450', '1587621704140427265', '10001', '1587622643173789698', '2023-06-02 18:48:51', '2023-06-02 18:48:51', 2, '人们把社会生产的各个部门划分为三类产业，下列属于第三产业的是（）', 9);
INSERT INTO `el_user_book` VALUES ('1664584855033241602', '1587621704140427265', '10001', '1587622643240898561', '2023-06-02 18:48:51', '2023-06-02 18:48:51', 4, '亚洲人中分布不是很均匀，其中人中较稀疏的部分是（）', 10);
INSERT INTO `el_user_book` VALUES ('1664584855167459329', '1587621704140427265', '10001', '1587622643760992258', '2023-06-02 18:48:51', '2023-06-02 18:48:51', 4, '交通运输线路（公路、铁路），选址的原因有（）', 11);
INSERT INTO `el_user_book` VALUES ('1664584855297482754', '1587621704140427265', '10001', '1587622643823906818', '2023-06-02 18:48:51', '2023-06-02 18:48:51', 7, '地球自转产生的现象有（）', 12);
INSERT INTO `el_user_book` VALUES ('1664584855444283394', '1587621704140427265', '10001', '1587622642838245378', '2023-06-02 18:48:51', '2023-06-02 18:48:51', 7, '中国东北三省是指（）', 13);
INSERT INTO `el_user_book` VALUES ('1664584855683358721', '1587621704140427265', '10001', '1587622644281085953', '2023-06-02 18:48:51', '2023-06-02 18:48:51', 4, '仪表显示当前冷却液的温度是90°C。', 14);
INSERT INTO `el_user_book` VALUES ('1664584929826070529', '1587621704140427265', '10001', '1587622642641113089', '2023-06-02 18:49:08', '2023-06-02 18:49:08', 4, '如果把这个大立方体的六个面全部涂上黑色，然后按图中虚线把它切成36个小方块，两面有黑色的小方块有多少个？', 15);
INSERT INTO `el_user_book` VALUES ('1664584930056757250', '1587621704140427265', '10001', '1587622642557227009', '2023-06-02 18:49:08', '2023-06-02 18:49:08', 5, '角对于元相当于小时对于', 16);
INSERT INTO `el_user_book` VALUES ('1664584930190974978', '1587621704140427265', '10001', '1587622643626774530', '2023-06-02 18:49:09', '2023-06-02 18:49:09', 3, '地球公转会产生（）', 17);
INSERT INTO `el_user_book` VALUES ('1664584930618793985', '1587621704140427265', '10001', '1587622643895209985', '2023-06-02 18:49:09', '2023-06-02 18:49:09', 4, '地球公转产生的现象有（）', 18);
INSERT INTO `el_user_book` VALUES ('1664584931063390210', '1587621704140427265', '10001', '1587622644054593538', '2023-06-02 18:49:09', '2023-06-02 18:49:09', 4, '被称为“万园之园”的我国古典园林是颐和园。', 19);
INSERT INTO `el_user_book` VALUES ('1664584931260522497', '1587621704140427265', '10001', '1664584674548146178', '2023-06-02 18:49:09', '2023-06-02 18:49:09', 4, '1234567890', 20);
INSERT INTO `el_user_book` VALUES ('1664586294409297922', '1587621704140427265', '10001', '1587622642263625729', '2023-06-02 18:54:34', '2023-06-02 18:54:34', 4, '五个答案中哪个是最好的类比？女儿对于父亲相当于侄女对于', 21);
INSERT INTO `el_user_book` VALUES ('1664586294753230850', '1587621704140427265', '10001', '1587622643039571970', '2023-06-02 18:54:34', '2023-06-02 18:54:34', 3, '西亚波斯湾沿岸比较富裕，其原因是（）', 22);
INSERT INTO `el_user_book` VALUES ('1664586295143301121', '1587621704140427265', '10001', '1587622642909548545', '2023-06-02 18:54:34', '2023-06-02 18:54:34', 1, '咖啡的故乡是非洲吗？', 23);
INSERT INTO `el_user_book` VALUES ('1664588351484723201', '1587621704140427265', '10001', '1587622643396087810', '2023-06-02 19:02:44', '2023-06-02 19:02:44', 3, '地球上0度经线和0度纬线的长度相比（）', 24);
INSERT INTO `el_user_book` VALUES ('1664588351614746625', '1587621704140427265', '10001', '1587622642699833345', '2023-06-02 19:02:44', '2023-06-02 19:02:44', 2, '找出与众不同的一个：', 25);
INSERT INTO `el_user_book` VALUES ('1664588351941902337', '1587621704140427265', '10001', '1587622642762747906', '2023-06-02 19:02:44', '2023-06-02 19:02:44', 2, '以下哪些是中国的特别行政区？', 26);
INSERT INTO `el_user_book` VALUES ('1664588352004816897', '1587621704140427265', '10001', '1587622644134285314', '2023-06-02 19:02:44', '2023-06-02 19:02:44', 1, '世界最长的山脉是安第斯山脉。', 27);
INSERT INTO `el_user_book` VALUES ('1665185572831887362', '1587621704140427265', '10001', '1587622643467390977', '2023-06-04 10:35:53', '2023-06-04 10:35:53', 2, 'The author\'s writing style is characterized by its __________ use of metaphors and symbolism.', 28);
INSERT INTO `el_user_book` VALUES ('1665185572966105090', '1587621704140427265', '10001', '1587622642976657410', '2023-06-04 10:35:53', '2023-06-04 10:35:53', 1, 'Prepositions are always followed by a noun or a pronoun.', 29);
INSERT INTO `el_user_book` VALUES ('1665187255641178114', '1587621704140427265', '10001', '1664588237278019585', '2023-06-04 10:42:34', '2023-06-04 10:42:34', 1, 'Nowadays more and more people keep learning new skills to adapt to a fast-changing world.you can make comments,use examples,or use your personal experiences to develop your essay.', 30);
INSERT INTO `el_user_book` VALUES ('1665214191893540866', '1587621704140427265', '1252125239901696002', '1587622642393649153', '2023-06-04 12:29:36', '2023-06-04 12:29:36', 1, 'What is the correct form of the verb to complete the sentence? \"I ___________ to the cinema yesterday.\"', 1);
INSERT INTO `el_user_book` VALUES ('1665214191960649729', '1587621704140427265', '1252125239901696002', '1587622643173789698', '2023-06-04 12:29:36', '2023-06-04 12:29:36', 1, 'The new employee was __________ to handle multiple tasks simultaneously.', 2);
INSERT INTO `el_user_book` VALUES ('1665214192023564290', '1587621704140427265', '1252125239901696002', '1587622642557227009', '2023-06-04 12:29:36', '2023-06-04 12:29:36', 1, 'Which of the following is an example of an adverb?', 3);
INSERT INTO `el_user_book` VALUES ('1665214192090673153', '1587621704140427265', '1252125239901696002', '1587622642699833345', '2023-06-04 12:29:36', '2023-06-04 12:29:36', 1, 'The police officer asked the witness to __________ the details of the incident.', 4);
INSERT INTO `el_user_book` VALUES ('1665214192157782018', '1587621704140427265', '1252125239901696002', '1587622643551277058', '2023-06-04 12:29:36', '2023-06-04 12:29:36', 1, 'The athlete\'s remarkable performance in the championship __________ her dedication and hard work.', 5);
INSERT INTO `el_user_book` VALUES ('1665214192224890882', '1587621704140427265', '1252125239901696002', '1587622643895209985', '2023-06-04 12:29:36', '2023-06-04 12:29:36', 1, 'Which of the following are characteristics of a successful leader? (Select all that apply)', 6);
INSERT INTO `el_user_book` VALUES ('1665214192296194050', '1587621704140427265', '1252125239901696002', '1587622643693883394', '2023-06-04 12:29:36', '2023-06-04 12:29:36', 1, 'Which of the following are features of a healthy diet? (Select all that apply)', 7);
INSERT INTO `el_user_book` VALUES ('1665214192426217473', '1587621704140427265', '1252125239901696002', '1587622643823906818', '2023-06-04 12:29:36', '2023-06-04 12:29:36', 1, 'Which of the following are benefits of regular exercise? (Select all that apply)', 8);
INSERT INTO `el_user_book` VALUES ('1665214192556240898', '1587621704140427265', '1252125239901696002', '1587622642909548545', '2023-06-04 12:29:36', '2023-06-04 12:29:36', 1, 'The verb \"run\" is an irregular verb.', 9);
INSERT INTO `el_user_book` VALUES ('1665214192690458625', '1587621704140427265', '1252125239901696002', '1587622642976657410', '2023-06-04 12:29:36', '2023-06-04 12:29:36', 1, 'Prepositions are always followed by a noun or a pronoun.', 10);

-- ----------------------------
-- Table structure for el_user_exam
-- ----------------------------
DROP TABLE IF EXISTS `el_user_exam`;
CREATE TABLE `el_user_exam`  (
  `id` varchar(32) CHARACTER SET utf8mb4 COLLATE utf8mb4_general_ci NOT NULL,
  `user_id` varchar(32) CHARACTER SET utf8mb4 COLLATE utf8mb4_general_ci NOT NULL COMMENT '用户ID',
  `exam_id` varchar(32) CHARACTER SET utf8mb4 COLLATE utf8mb4_general_ci NOT NULL COMMENT '考试ID',
  `try_count` int(0) NOT NULL DEFAULT 1 COMMENT '考试次数',
  `max_score` int(0) NOT NULL DEFAULT 0 COMMENT '最高分数',
  `passed` tinyint(0) NOT NULL DEFAULT 0 COMMENT '是否通过',
  `create_time` datetime(0) NULL DEFAULT NULL COMMENT '创建时间',
  `update_time` datetime(0) NULL DEFAULT NULL COMMENT '更新时间',
  PRIMARY KEY (`id`) USING BTREE,
  UNIQUE INDEX `user_id`(`user_id`, `exam_id`) USING BTREE
) ENGINE = InnoDB CHARACTER SET = utf8mb4 COLLATE = utf8mb4_general_ci COMMENT = '考试记录' ROW_FORMAT = Dynamic;

-- ----------------------------
-- Records of el_user_exam
-- ----------------------------
INSERT INTO `el_user_exam` VALUES ('1664471694602952705', '10001', '1587621704140427265', 6, 40, 0, '2023-06-02 11:19:11', '2023-06-03 22:01:19');

-- ----------------------------
-- Table structure for sys_config
-- ----------------------------
DROP TABLE IF EXISTS `sys_config`;
CREATE TABLE `sys_config`  (
  `id` varchar(32) CHARACTER SET utf8mb4 COLLATE utf8mb4_general_ci NOT NULL COMMENT 'ID',
  `site_name` varchar(255) CHARACTER SET utf8mb4 COLLATE utf8mb4_general_ci NULL DEFAULT NULL COMMENT '系统名称',
  `front_logo` varchar(255) CHARACTER SET utf8mb4 COLLATE utf8mb4_general_ci NULL DEFAULT NULL COMMENT '前端LOGO',
  `back_logo` varchar(255) CHARACTER SET utf8mb4 COLLATE utf8mb4_general_ci NULL DEFAULT NULL COMMENT '后台LOGO',
  `copy_right` varchar(255) CHARACTER SET utf8mb4 COLLATE utf8mb4_general_ci NULL DEFAULT NULL COMMENT '版权信息',
  `create_time` datetime(0) NULL DEFAULT NULL COMMENT '创建时间',
  `update_time` datetime(0) NULL DEFAULT NULL COMMENT '更新时间',
  `create_by` varchar(255) CHARACTER SET utf8mb4 COLLATE utf8mb4_general_ci NULL DEFAULT '' COMMENT '创建人',
  `update_by` varchar(255) CHARACTER SET utf8mb4 COLLATE utf8mb4_general_ci NULL DEFAULT '' COMMENT '修改人',
  `data_flag` int(0) NULL DEFAULT 0 COMMENT '数据标识',
  PRIMARY KEY (`id`) USING BTREE
) ENGINE = InnoDB CHARACTER SET = utf8mb4 COLLATE = utf8mb4_general_ci COMMENT = '系统设置' ROW_FORMAT = Dynamic;

-- ----------------------------
-- Records of sys_config
-- ----------------------------
INSERT INTO `sys_config` VALUES ('1', 'CET6报名考试系统', NULL, NULL, NULL, '2020-12-03 16:51:30', '2020-12-03 16:51:30', '', '', 1);

-- ----------------------------
-- Table structure for sys_depart
-- ----------------------------
DROP TABLE IF EXISTS `sys_depart`;
CREATE TABLE `sys_depart`  (
  `id` varchar(32) CHARACTER SET utf8mb4 COLLATE utf8mb4_general_ci NOT NULL COMMENT 'ID',
  `dept_type` int(0) NOT NULL DEFAULT 1 COMMENT '1公司2部门',
  `parent_id` varchar(32) CHARACTER SET utf8mb4 COLLATE utf8mb4_general_ci NOT NULL COMMENT '所属上级',
  `dept_name` varchar(255) CHARACTER SET utf8mb4 COLLATE utf8mb4_general_ci NOT NULL DEFAULT '' COMMENT '部门名称',
  `dept_code` varchar(255) CHARACTER SET utf8mb4 COLLATE utf8mb4_general_ci NOT NULL DEFAULT '' COMMENT '部门编码',
  `sort` int(0) NOT NULL DEFAULT 0 COMMENT '排序',
  PRIMARY KEY (`id`) USING BTREE
) ENGINE = InnoDB CHARACTER SET = utf8mb4 COLLATE = utf8mb4_general_ci COMMENT = '部门信息' ROW_FORMAT = Dynamic;

-- ----------------------------
-- Records of sys_depart
-- ----------------------------
INSERT INTO `sys_depart` VALUES ('1302853644578000898', 1, '0', '教育部', 'A01', 1);
INSERT INTO `sys_depart` VALUES ('1302855940200284161', 1, '1302855776496599041', '南开大学计算机学院', 'A01A01A01', 2);
INSERT INTO `sys_depart` VALUES ('1302855994843676674', 1, '1302855776496599041', '南开大学网安学院', 'A01A01A02', 1);
INSERT INTO `sys_depart` VALUES ('1302856017283203073', 1, '1302855776496599041', '南开大学外国语学院', 'A01A01A03', 3);
INSERT INTO `sys_depart` VALUES ('1302856084475953154', 1, '1302855776496599041', '南开大学金融学院', 'A01A01A05', 5);
INSERT INTO `sys_depart` VALUES ('1302856266567467010', 1, '1302855896415944705', '天津大学材料学院', 'A01A02A01', 1);
INSERT INTO `sys_depart` VALUES ('1302856320602685442', 1, '1302855896415944705', '天津大学化学学院', 'A01A02A02', 2);
INSERT INTO `sys_depart` VALUES ('1318103313740320770', 1, '1302853644578000898', '南开大学', 'A01A01', 1);
INSERT INTO `sys_depart` VALUES ('1318103339229106178', 1, '1302853644578000898', '天津大学', 'A01A02', 2);
INSERT INTO `sys_depart` VALUES ('1318103362494910465', 1, '1302853644578000898', '河北工业大学', 'A01A03', 3);

-- ----------------------------
-- Table structure for sys_role
-- ----------------------------
DROP TABLE IF EXISTS `sys_role`;
CREATE TABLE `sys_role`  (
  `id` varchar(32) CHARACTER SET utf8mb4 COLLATE utf8mb4_general_ci NOT NULL COMMENT '角色ID',
  `role_name` varchar(255) CHARACTER SET utf8mb4 COLLATE utf8mb4_general_ci NOT NULL DEFAULT '' COMMENT '角色名称',
  PRIMARY KEY (`id`) USING BTREE
) ENGINE = InnoDB CHARACTER SET = utf8mb4 COLLATE = utf8mb4_general_ci COMMENT = '角色' ROW_FORMAT = Dynamic;

-- ----------------------------
-- Records of sys_role
-- ----------------------------
INSERT INTO `sys_role` VALUES ('sa', '超级管理员');
INSERT INTO `sys_role` VALUES ('signedup-student', '已报名学生');
INSERT INTO `sys_role` VALUES ('student', '学生');
INSERT INTO `sys_role` VALUES ('teacher', '教师');

-- ----------------------------
-- Table structure for sys_user
-- ----------------------------
DROP TABLE IF EXISTS `sys_user`;
CREATE TABLE `sys_user`  (
  `id` varchar(32) CHARACTER SET utf8mb4 COLLATE utf8mb4_general_ci NOT NULL COMMENT 'ID',
  `user_name` varchar(255) CHARACTER SET utf8mb4 COLLATE utf8mb4_general_ci NOT NULL DEFAULT '' COMMENT '用户名',
  `real_name` varchar(255) CHARACTER SET utf8mb4 COLLATE utf8mb4_general_ci NOT NULL DEFAULT '' COMMENT '真实姓名',
  `password` varchar(255) CHARACTER SET utf8mb4 COLLATE utf8mb4_general_ci NOT NULL DEFAULT '' COMMENT '密码',
  `phone` varchar(255) CHARACTER SET utf8mb4 COLLATE utf8mb4_general_ci NULL DEFAULT NULL,
  `chnid` varchar(255) CHARACTER SET utf8mb4 COLLATE utf8mb4_general_ci NULL DEFAULT NULL,
  `salt` varchar(255) CHARACTER SET utf8mb4 COLLATE utf8mb4_general_ci NOT NULL DEFAULT '' COMMENT '密码盐',
  `role_ids` varchar(500) CHARACTER SET utf8mb4 COLLATE utf8mb4_general_ci NOT NULL DEFAULT '' COMMENT '角色列表',
  `depart_id` varchar(32) CHARACTER SET utf8mb4 COLLATE utf8mb4_general_ci NOT NULL DEFAULT '' COMMENT '部门ID',
  `create_time` datetime(0) NULL DEFAULT NULL COMMENT '创建时间',
  `update_time` datetime(0) NULL DEFAULT NULL COMMENT '更新时间',
  `state` int(0) NOT NULL DEFAULT 0 COMMENT '状态',
  `data_flag` int(0) NOT NULL DEFAULT 0 COMMENT '0正常,1隐藏',
  PRIMARY KEY (`id`) USING BTREE
) ENGINE = InnoDB CHARACTER SET = utf8mb4 COLLATE = utf8mb4_general_ci COMMENT = '管理用户' ROW_FORMAT = Dynamic;

-- ----------------------------
-- Records of sys_user
-- ----------------------------
INSERT INTO `sys_user` VALUES ('10001', 'admin', 'admin', '06681cd08837b21adf6b5ef9279d403d', '18738273287', '13183972198378', 'XoFFuS', 'sa', '1318103313740320770', '2020-04-20 13:51:03', '2020-04-20 13:51:03', 0, 0);
INSERT INTO `sys_user` VALUES ('1252125239901696002', 'person', '张小明', 'e5e1988be6b93624d9dda1dd415359de', '111111', '111111', 'wectRL', 'signedup-student', '南开大学', '2020-04-20 14:41:35', '2020-04-20 14:41:35', 0, 0);
INSERT INTO `sys_user` VALUES ('1664601764923441154', 'root', 'root', 'f4db77c18fcf096511a88f06228e36d8', NULL, NULL, 'dXQPRK', 'sa', '1302853644578000898', '2023-06-02 19:56:02', '2023-06-02 19:56:02', 0, 0);

-- ----------------------------
-- Table structure for sys_user_role
-- ----------------------------
DROP TABLE IF EXISTS `sys_user_role`;
CREATE TABLE `sys_user_role`  (
  `id` varchar(32) CHARACTER SET utf8mb4 COLLATE utf8mb4_general_ci NOT NULL COMMENT 'ID',
  `user_id` varchar(32) CHARACTER SET utf8mb4 COLLATE utf8mb4_general_ci NOT NULL COMMENT '用户ID',
  `role_id` varchar(32) CHARACTER SET utf8mb4 COLLATE utf8mb4_general_ci NOT NULL COMMENT '角色ID',
  PRIMARY KEY (`id`) USING BTREE
) ENGINE = InnoDB CHARACTER SET = utf8mb4 COLLATE = utf8mb4_general_ci COMMENT = '用户角色' ROW_FORMAT = Dynamic;

-- ----------------------------
-- Records of sys_user_role
-- ----------------------------
INSERT INTO `sys_user_role` VALUES ('1318103579445284865', '10001', 'sa');
INSERT INTO `sys_user_role` VALUES ('1587574421424279555', '1587574421424279554', 'teacher');
INSERT INTO `sys_user_role` VALUES ('1664601764986355713', '1664601764923441154', 'sa');
INSERT INTO `sys_user_role` VALUES ('1665214024414982145', '1252125239901696002', 'signedup-student');

SET FOREIGN_KEY_CHECKS = 1;
